signature_name,genes,n_genes_available,n_genes_total,gene_availability_pct,tls_mean,tls_std,no_tls_mean,no_tls_std,mean_difference,fold_change,cohens_d,effect_size_interpretation,mannwhitney_pvalue,ttest_pvalue,mannwhitney_significant,ttest_significant,auroc,auprc,auroc_interpretation,overlap_25_75_pct,overlap_50_50_pct,n_tls_spots,n_no_tls_spots
literature_Immunoglobulins,"IGHG1,IGHG2,IGHG3,IGHG4,IGHA1,IGHA2,IGHM",7,7,100.0,1.3654622298495716,0.4610425425754001,0.8833611509399473,0.5626896729810911,0.4821010789096243,1.5457576195156884,0.8620704207487268,large,0.0,0.0,True,True,0.7577732234916147,0.08710010720314698,fair,0.21545090797168356,1.2311480455524777,3249,83988
deg_consistent_up_top50,"MS4A1,CD79A,SELL,LTB,PARP15,RIPOR2,TBC1D10C,TMC8,INPP5D,IL2RG",10,10,100.0,0.5548601525057449,0.37932455910052304,0.23179110949619586,0.22535969104003992,0.3230690430095491,2.3937939367551597,1.3870177017934129,large,0.0,0.0,True,True,0.7565912404523104,0.2210790103328165,fair,1.0156971375807942,12.096029547553092,3249,83988
literature_B_cell_markers,"CD79A,CD79B,MS4A1,CD19,PAX5",5,5,100.0,0.3995206320831009,0.42458840281279014,0.09135932767578128,0.19594104458639858,0.3081613044073196,4.373068872627124,1.4745477011717292,large,0.0,0.0,True,True,0.7311501160823322,0.17516935232890296,fair,1.2003693444136658,50.01538935056941,3249,83988
literature_hallmark genes,"CCL19,CCL21,CXCL13,CCR7,CXCR5,SELL,LAMP3",7,7,100.0,0.3875422613135126,0.3343522561088471,0.15859501658760772,0.20004793388083825,0.22894724472590489,2.443596713516119,1.1080642475125084,large,0.0,0.0,True,True,0.7023244376481226,0.1543671113768076,fair,2.923976608187134,5.170821791320406,3249,83988
literature_Ovarian,"CETP,CCR7,SELL,LAMP3,CCL19,CXCL9,CXCL10,CXCL11,CXCL13",9,9,100.0,0.33523095104493694,0.26464673273468764,0.18078660950518846,0.1902991615710055,0.15444434153974848,1.8542908236537066,0.7978329704356523,medium,6.551909807395462e-255,0.0,True,True,0.6710039503071076,0.10719273101995175,poor,1.7543859649122806,5.601723607263773,3249,83988
literature_Chemokines,"CCL19,CCL21,CXCL13,CXCL12,CCL2",5,5,100.0,0.5266491332576786,0.409902791603484,0.30331790410008075,0.3088671520985402,0.22333122915759784,1.7362942514725703,0.7130315184578487,medium,1.8574036518462834e-220,0.0,True,True,0.6594408637837181,0.0912034001017293,poor,5.724838411819022,16.281932902431517,3249,83988
hvg_1000,"AADACL3,ABHD17A,AC002128.1,AC004593.3,AC005899.5,AC007952.4,AC010624.5,AC011416.3,AC015631.1,AC020916.1,AC022137.4,AC068389.1,AC083809.1,AC087498.1,AC090377.1,AC091965.4,AC105052.5,AC105339.6,AC106774.4,AC116651.1,AC123768.2,AC130895.1,AC133919.1,AC234917.2,ACACA,ACCSL,ACER1,ACKR1,ACKR4,ACOT6,ACTG1,ACTG2,ACTL7B,ACTR2,ADAD1,ADH4,ADRA1D,ADRB2,AGER,AGPAT4,AHDC1,AIDA,AIPL1,AK7,AKR1B1,AKR1D1,AL009176.1,AL031733.2,AL138999.1,AL139220.2,AL158835.1,AL162596.1,AL163534.1,AL354761.1,AL355499.1,AL356310.1,AL356417.3,AL356966.1,AL449403.2,AL590822.2,AL606970.3,AL627171.2,ALDH3B2,ALG11,ALG12,ALK,ALKBH1,ALPK1,AMIGO2,AMY2B,ANKAR,ANKRD20A1,ANKRD22,ANKRD40CL,ANKRD55,ANKRD66,ANTXRL,AOC3,AP000873.4,AP001469.3,AP001505.1,AP002812.2,APEH,APOC3,APPBP2,ARG2,ARGLU1,ARHGAP1,ARHGAP29,ARHGAP9,ARHGEF17,ARL17A,ARL17B,ASB17,ASB18,ASB2,ASB5,ASCC3,ASCL5,ASL,ASPM,ATG2A,ATG5,ATP1B3,ATP2A3,ATP4A,ATP5MD,ATP6V0C,ATP6V1D,BANF2,BATF,BBC3,BEST2,BFAR,BIK,BSND,BTBD18,BTG1,BTN1A1,BTNL8,C11orf42,C12orf50,C12orf65,C12orf76,C14orf39,C17orf50,C17orf97,C1orf141,C1orf226,C20orf85,C2CD3,C2CD4D,C2orf16,C4orf51,C8orf76,C9orf131,C9orf64,CA11,CABCOCO1,CABP1,CACNG1,CACNG2,CACNG8,CADM1,CAGE1,CALHM3,CALM2,CAMP,CAMSAP2,CAPZA1,CAVIN4,CBL,CBLIF,CBR3,CC2D2A,CCDC148,CCDC190,CCDC32,CCDC97,CCL18,CCR2,CCR3,CCR7,CD177,CD1B,CD200R1,CD48,CD5,CD59,CD6,CD72,CD84,CD8A,CDC20B,CDC42,CDK5RAP3,CDR1,CDX2,CEBPB,CEND1,CEP120,CFAP126,CFAP410,CFAP97D1,CFL1,CHI3L2,CHRM2,CHRNA6,CHRNB3,CHST11,CHST12,CIITA,CLDN4,CLEC4E,CLK4,CLTCL1,CLUL1,CNGA4,CNGB1,CNKSR3,CNTRL,COMP,COPS5,CORO2B,COX4I2,CPLX4,CPN1,CRISP1,CRISP3,CRYBG3,CRYZL1,CSNK1A1,CSNK2A1,CSRP1,CST7,CST8,CT62,CTNS,CTXND2,CYB561A3,DACH1,DCUN1D5,DDHD1,DDX19A,DDX25,DEDD2,DEGS1,DENND11,DENND2A,DES,DGCR6,DNAAF4,DNM3,DOLPP1,DONSON,DPEP2,DPPA3,DSG4,DUSP8,DYM,EEF1A1,EIF5AL1,ELMO1,ELOB,EMC7,EPC1,ERAP2,EREG,ERFL,ESM1,ETV2,ETV3,EVX2,EXD1,EXOG,F7,FABP2,FAHD2B,FAM133A,FAM156A,FAM184A,FAM214A,FAM237A,FANCD2OS,FAU,FBXO32,FBXO33,FBXW7,FCGR2A,FCN1,FEM1C,FGA,FGD2,FGF3,FGG,FKBP1B,FLRT3,FLVCR2,FNDC8,FOLR2,FOXE3,FRZB,FUT11,GABRB2,GALNTL5,GAPDH,GAS5,GATA1,GATA4,GLIPR2,GLRA1,GML,GNG10,GNG3,GNL3L,GOLGA8A,GOLPH3,GOPC,GP5,GPLD1,GPR150,GRHL3,GRID2IP,GRPEL2,GSPT2,GSTA1,GSTA3,GSX1,GTF2A2,GTPBP4,GTPBP8,GUCY2D,H2BU1,HACL1,HASPIN,HBA1,HENMT1,HES3,HIST1H2AA,HLA-B,HLA-C,HLA-DOA,HNRNPA1,HNRNPL,HP,HPD,HPS5,HRNR,HSD17B12,HSD17B7,HSFX3,HSPA13,HSPA1A,HSPA1B,HSPB11,HTR4,HTRA2,IDI2,IFITM5,IFNA7,IFNAR1,IFNW1,IFT80,IGHA1,IGHG1,IGHG2,IGHG3,IGHG4,IGHGP,IGHJ6,IGHM,IGHV4-34,IGKC,IGLC1,IGLC2,IGLC3,IGLV3-1,IGLV6-57,IKBKE,IL18,IL21,IL36G,IL6R-AS1,INPP5D,INSIG2,IRGC,ITLN2,ITM2A,IZUMO3,JAKMIP1,JAM2,JCHAIN,JUND,KANTR,KBTBD12,KCNA10,KCNAB3,KCNC4,KCNG3,KCNH8,KCNK4,KCNK6,KCTD6,KCTD7,KDR,KF459542.1,KIF25,KIF5C,KLF12,KLHDC4,KLHL10,KLHL6,KMT5A,KRBOX5,KRT13,KRT27,KRT35,KRT36,KRT5,KRT85,KRTAP16-1,KRTAP19-2,KRTAP19-5,KRTAP2-1,KRTAP20-3,KRTAP22-1,KRTAP3-3,KRTAP6-2,LACRT,LAMTOR5,LBP,LCE1B,LDHA,LDHB,LEMD1,LENG1,LGALS14,LGALS7,LGI1,LHX9,LIM2,LIMD1,LINC00311,LINC01055,LINC01170,LINC01229,LINC01320,LINC01500,LINC01521,LINC02078,LINC02133,LINC02606,LINC02664,LINC02809,LIPM,LMTK3,LORICRIN,LPIN2,LRPAP1,LRRC15,LRRC53,LRRTM1,LRRTM3,LTB,LTF,LYPLA2,LYSMD4,MAGEB3,MALAT1,MAP2K5,MAPT,MASP1,MASP2,MBD3L2B,MDGA2,MED22,MEF2B,MESP1,MESP2,METTL17,METTL7A,MFSD11,MMP26,MMP9,MOG,MPIG6B,MPO,MPV17,MPZ,MPZL3,MRGPRX4,MRPL20,MRPL36,MRPL51,MS4A12,MS4A15,MS4A5,MSL1,MSMB,MST1,MT-ATP6,MT-ATP8,MT-CO1,MT-CO2,MT-CO3,MT-CYB,MT-ND1,MT-ND2,MT-ND3,MT-ND4,MT-ND4L,MT-ND5,MTNR1B,MTRNR2L1,MTRNR2L12,MTRNR2L4,MTRNR2L8,MYD88,MYH15,MYL6,MYO1H,MYOCOS,MYOZ2,MZB1,NAA11,NACA,NAIP,NANS,NAP1L1,NAPEPLD,NAPSA,NARF,NBPF20,NCAPD3,NCF1,NCR2,NDUFA4,NDUFA4L2,NDUFAF4,NEAT1,NEUROG3,NGB,NIBAN3,NKAIN3,NKG7,NLGN4Y,NLRP13,NMB,NMU,NOM1,NOP9,NORAD,NPBWR2,NPFF,NPHS1,NPM1,NR0B1,NUBP2,NUDT15,NUDT21,NUDT4,ODF3,OMD,OPN1SW,OR10AG1,OR10T2,OR10V1,OR11G2,OR13C4,OR1B1,OR1I1,OR1L3,OR1L8,OR2D3,OR2M4,OR2T35,OR2T4,OR2W1,OR4C13,OR4F21,OR4K1,OR4K13,OR4K15,OR4S2,OR4X1,OR51T1,OR52B2,OR52E8,OR52L1,OR56A4,OR5AN1,OR5B17,OR5D14,OR5I1,OR5K2,OR6C1,OR6C70,OR6K2,OR6P1,OR6T1,OR7C2,OR7D4,OR7G2,OR9G1,ORC2,ORC5,ORM2,OSTC,OTOP2,OTUB2,OXGR1,OXR1,PAGE1,PAIP2,PAPOLB,PARVG,PCDHA2,PCDHB7,PCGF1,PCP2,PCSK7,PCYT1A,PDE11A,PEX12,PGAP2,PHF12,PHKG1,PHTF1,PIK3C2B,PKM,PLEK,PLEKHG5,POU1F1,POU2AF1,PPEF2,PPFIA2,PPIA,PPIH,PPIP5K1,PPM1K,PPP1R16B,PPP1R3A,PPP2R3C,PPP2R5C,PRAMEF33,PRB3,PRB4,PRDX1,PRG3,PRKAR1A,PRKCB,PRL,PRMT8,PRR14,PRR33,PRR4,PRSS33,PRSS54,PSAPL1,PSMA6,PSMB6,PSORS1C2,PSORS1C3,PTBP1,PTCRA,PTGDS,PTH,PTMA,PTPRM,PTRH1,PUS10,PYY,PZP,RAB5IF,RAB6A,RABL6,RADIL,RAE1,RAN,RAP1B,RASD1,RASGEF1B,RASSF1,RB1,RBM7,REN,RFT1,RGR,RGS14,RGS9BP,RHOC,RHOQ,RMDN2,RNASE1,RNASE13,RNF126,RNF151,RNF227,RNFT1,ROM1,ROPN1B,RPA3,RPL10,RPL10A,RPL11,RPL12,RPL13,RPL13A,RPL14,RPL15,RPL17,RPL18,RPL18A,RPL19,RPL21,RPL22,RPL23,RPL23A,RPL24,RPL26,RPL27,RPL27A,RPL28,RPL29,RPL3,RPL30,RPL31,RPL32,RPL34,RPL35,RPL35A,RPL36,RPL36A,RPL36AL,RPL37,RPL37A,RPL38,RPL39,RPL4,RPL41,RPL5,RPL6,RPL7,RPL7A,RPL8,RPL9,RPLP0,RPLP1,RPLP2,RPS10,RPS11,RPS12,RPS13,RPS14,RPS15,RPS15A,RPS16,RPS17,RPS18,RPS19,RPS2,RPS20,RPS21,RPS23,RPS24,RPS25,RPS26,RPS27,RPS27A,RPS27L,RPS28,RPS29,RPS3,RPS3A,RPS4X,RPS5,RPS6,RPS7,RPS8,RPS9,RPSA,RRAS2,RRBP1,RXRB,S100A2,S1PR4,SAGE1,SAP25,SARAF,SBDS,SCARF1,SCGB1A1,SCNN1A,SCRT1,SDR42E2,SEC14L1,SEC31B,SEMG1,SERINC4,SERPINA9,SERPINB10,SERPINH1,SERTM1,SETD9,SETMAR,SFRP2,SFRP4,SFTPB,SFTPC,SFTPD-AS1,SGCG,SGPP1,SH2D6,SI,SKP1,SLAMF6,SLC11A1,SLC1A2,SLC22A10,SLC25A6,SLC27A5,SLC28A3,SLC6A8,SLC9B1,SLURP1,SMG6,SNAPC3,SNHG14,SNHG25,SNHG29,SNHG5,SNHG6,SNRPA,SNRPB2,SNRPD2,SNX5,SOHLH1,SOX30,SP7,SPAG6,SPATA46,SPATA6L,SPDYC,SPDYE5,SPDYE6,SPEM1,SPEM2,SPEM3,SPINK4,SRP14,SRPK1,SRPX,SRRT,SRSF2,SSSCA1-AS1,SST,SSTR2,STARD6,STAT1,STK16,STK35,STMP1,STOML3,STPG3,STRIP1,SULT6B1,SUMO2,SUN5,SYNCRIP,SYNE1,SYNGR3,SYNGR4,SYS1,TAAR5,TAC4,TACC3,TAF11L13,TAF11L2,TAF11L4,TAS1R1,TBATA,TBCA,TBCC,TCAP,TCEAL3,TCF21,TCP11,TDG,TERF1,TEX54,TFAM,TGM7,THBS4,THEM4,THOC1,TIAL1,TIPARP,TLX1,TLX2,TM9SF4,TMA7,TMBIM4,TMEFF2,TMEM151B,TMEM196,TMEM207,TMEM239,TMEM244,TMEM247,TMEM253,TMPRSS11D,TMSB10,TNF,TNFRSF13C,TNFSF14,TNIK,TNK1,TOR1AIP2,TPI1,TPM3,TPM4,TPPP2,TPSB2,TPT1,TRAJ32,TRAPPC2L,TRAPPC9,TRBV6-4,TRDJ3,TRGJP2,TRGV10,TRGV8,TRIM51GP,TRIM6,TRIM64B,TRMT61B,TRPC5,TRPT1,TSEN2,TSPAN32,TSPAN8,TSPYL6,TSSK2,TTC27,TTC32,TTI1,TTK,TTLL10,TTR,TTYH2,TUBA1A,TUBA1C,TUBB,TUBB8,TUBG1,TULP2,TYR,TYSND1,UBE2D3,UBE2Q2L,UGT2A2,ULK3,UNC13C,UNC50,UPK3BL1,UQCR10,USH2A,USP17L10,USP48,USP8,UTP18,VGLL2,VILL,VIRMA,VSTM2B,VWF,WASHC1,WDR36,WDR38,WDR87,WEE2,XAGE5,XIST,YBX1,YBX3,YEATS4,YJU2,YTHDF1,YWHAZ,ZAN,ZBTB39,ZBTB43,ZCCHC4,ZDHHC22,ZFAND4,ZFX,ZKSCAN4,ZNF124,ZNF138,ZNF160,ZNF174,ZNF184,ZNF276,ZNF302,ZNF343,ZNF385D,ZNF429,ZNF493,ZNF534,ZNF556,ZNF575,ZNF736,ZNF747,ZNF771,ZNF80,ZNF816,ZNHIT1,ZPBP2,ZRANB3,ZSCAN30",1000,1000,100.0,0.19383582757107107,0.11634101556145292,0.15091475990924152,0.10123346369650055,0.04292106766182954,1.2844060295205175,0.4214718730874159,small,3.3069400466146863e-205,1.809237515323343e-122,True,True,0.6577753625505104,0.08286282776883122,poor,0.0,0.0,3249,83988
literature_TLS_12_chemokine,"CCL2,CCL3,CCL4,CCL5,CCL8,CCL18,CCL19,CCL21,CXCL9,CXCL10,CXCL11,CXCL13",12,12,100.0,0.3650502958297497,0.24986695020342878,0.2430023301006228,0.20558259072627907,0.12204796572912688,1.5022501869779976,0.588463829412968,medium,2.6922789246541134e-176,4.2594429411605905e-236,True,True,0.6450745510215423,0.07763234040766925,poor,1.077254539858418,9.695290858725762,3249,83988
literature_9_gene_set,"CD79B,CD1D,CCR6,LAT,SKAP1,CETP,EIF1AY,RBP5,PTGDS",9,9,100.0,0.3313690742991886,0.21472946102191184,0.23297439987786175,0.172675179464983,0.09839467442132685,1.4223411433741684,0.5641158839970112,medium,1.1132053529643054e-171,3.0480664171257777e-217,True,True,0.6434005404603301,0.08004864638136172,poor,2.4930747922437675,18.559556786703602,3249,83988
hvg_500,"ABHD17A,AC002128.1,AC004593.3,AC087498.1,AC091965.4,AC105339.6,AC106774.4,AC130895.1,ACER1,ACTG1,ACTG2,ACTL7B,ADH4,ADRB2,AGER,AHDC1,AIDA,AIPL1,AKR1D1,AL009176.1,AL031733.2,AL158835.1,AL354761.1,AL355499.1,AL356310.1,AL627171.2,ALG11,ALG12,ALK,ANKRD20A1,ANTXRL,AP001505.1,APEH,APPBP2,ARG2,ARHGAP29,ASB18,ASL,ATG2A,ATP1B3,ATP4A,ATP6V0C,ATP6V1D,BANF2,BATF,BBC3,BFAR,BIK,BSND,BTBD18,BTN1A1,C11orf42,C12orf50,C12orf65,C14orf39,C17orf50,C17orf97,C1orf141,C20orf85,C2CD3,C2CD4D,C2orf16,C8orf76,C9orf64,CACNG2,CACNG8,CADM1,CALHM3,CALM2,CAMP,CAMSAP2,CBL,CBLIF,CC2D2A,CCDC32,CCDC97,CCL18,CCR3,CD48,CD59,CD6,CDC42,CDR1,CDX2,CEND1,CFAP410,CFAP97D1,CFL1,CHI3L2,CHRNB3,CLDN4,CLTCL1,CLUL1,CNGA4,CNGB1,COMP,CPLX4,CPN1,CRISP1,CSNK2A1,CST7,CST8,CT62,CTNS,CYB561A3,DACH1,DDHD1,DDX19A,DDX25,DEGS1,DENND2A,DOLPP1,DPEP2,DPPA3,DSG4,EEF1A1,ELMO1,ETV2,EVX2,F7,FABP2,FAM214A,FAM237A,FAU,FBXO32,FBXW7,FCGR2A,FGA,FGG,FLVCR2,FNDC8,FUT11,GALNTL5,GAPDH,GAS5,GLIPR2,GLRA1,GML,GNL3L,GOPC,GPR150,GRHL3,GRID2IP,GRPEL2,GSPT2,GSTA1,GSTA3,GTPBP4,GUCY2D,H2BU1,HACL1,HBA1,HES3,HLA-B,HLA-C,HLA-DOA,HNRNPA1,HP,HPD,HRNR,HSD17B12,HSD17B7,HSFX3,HSPA1A,IDI2,IFNA7,IGHG1,IGHG2,IGHG3,IGHG4,IGHJ6,IGKC,IGLC1,IGLC2,IGLV3-1,IGLV6-57,IL21,ITLN2,ITM2A,JAM2,KCNAB3,KCNK4,KCNK6,KDR,KF459542.1,KIF25,KLF12,KLHDC4,KLHL6,KRT27,KRT36,KRT5,KRT85,KRTAP19-2,KRTAP2-1,KRTAP3-3,LACRT,LBP,LDHA,LDHB,LGALS14,LGALS7,LGI1,LHX9,LINC00311,LINC01229,LINC01500,LINC02133,LINC02606,LPIN2,LRRC15,LRRTM3,LTF,LYPLA2,LYSMD4,MALAT1,MAP2K5,MASP1,MASP2,MESP2,MFSD11,MPIG6B,MPO,MPV17,MRGPRX4,MRPL20,MRPL36,MS4A15,MST1,MT-ATP6,MT-ATP8,MT-CO1,MT-CO2,MT-CO3,MT-CYB,MT-ND1,MT-ND2,MT-ND3,MT-ND4,MT-ND4L,MT-ND5,MTRNR2L1,MTRNR2L12,MTRNR2L4,MTRNR2L8,MYH15,MYO1H,NAA11,NACA,NANS,NAP1L1,NAPEPLD,NARF,NCR2,NDUFAF4,NIBAN3,NKAIN3,NKG7,NLRP13,NOP9,NPFF,NPHS1,NUBP2,NUDT15,NUDT21,ODF3,OPN1SW,OR10V1,OR11G2,OR1I1,OR2D3,OR2M4,OR2T35,OR2W1,OR4C13,OR4F21,OR4K1,OR4K15,OR51T1,OR52B2,OR52E8,OR56A4,OR5AN1,OR5B17,OR5D14,OR5K2,OR6C70,OR6P1,OR6T1,OR7C2,OR9G1,ORC2,ORC5,ORM2,OTOP2,OXGR1,OXR1,PAPOLB,PCDHB7,PCSK7,PCYT1A,PGAP2,PHTF1,PKM,PPFIA2,PPIA,PPIP5K1,PPP1R3A,PRB3,PRB4,PRDX1,PRG3,PRKAR1A,PRMT8,PRSS54,PSMA6,PSORS1C2,PTGDS,PTH,PTMA,PTPRM,PYY,RAB6A,RADIL,RAE1,RBM7,RFT1,ROPN1B,RPA3,RPL10,RPL10A,RPL13,RPL13A,RPL14,RPL15,RPL17,RPL18,RPL19,RPL21,RPL22,RPL23A,RPL24,RPL26,RPL27,RPL28,RPL35,RPL36A,RPL37,RPL37A,RPL38,RPL39,RPL41,RPL5,RPL6,RPL7,RPL7A,RPL8,RPLP0,RPLP1,RPS10,RPS13,RPS15A,RPS16,RPS17,RPS2,RPS21,RPS23,RPS25,RPS26,RPS27,RPS5,RPS7,RPS9,RPSA,RRBP1,RXRB,SAGE1,SAP25,SCNN1A,SCRT1,SEC14L1,SEC31B,SEMG1,SERINC4,SERPINB10,SERTM1,SETD9,SFRP2,SFTPD-AS1,SGCG,SI,SLC11A1,SLC22A10,SLC25A6,SLC9B1,SLURP1,SNAPC3,SNHG25,SNHG29,SNHG5,SNHG6,SOHLH1,SP7,SPAG6,SPATA6L,SPDYC,SPDYE5,SPDYE6,SPEM2,SPEM3,SRPK1,SRPX,SRSF2,SST,SSTR2,STARD6,STK16,STRIP1,SULT6B1,SYNGR4,SYS1,TAF11L13,TAF11L2,TAS1R1,TBCA,TBCC,TCP11,TDG,TERF1,TFAM,THBS4,THEM4,TIAL1,TLX1,TM9SF4,TMEFF2,TMEM196,TMEM239,TMEM253,TMSB10,TNIK,TOR1AIP2,TPM3,TPPP2,TPT1,TRAPPC2L,TRAPPC9,TRBV6-4,TRGJP2,TRIM64B,TRPC5,TRPT1,TSPAN32,TSPYL6,TSSK2,TTC27,TTC32,TTI1,TTR,TTYH2,TUBA1A,TUBB,TUBB8,TULP2,TYR,UGT2A2,ULK3,UNC50,USH2A,USP17L10,VGLL2,VIRMA,VSTM2B,VWF,WDR36,WDR38,WDR87,WEE2,XAGE5,XIST,YBX3,YEATS4,YJU2,YTHDF1,YWHAZ,ZAN,ZDHHC22,ZFX,ZKSCAN4,ZNF138,ZNF160,ZNF184,ZNF343,ZNF429,ZNF534,ZNF556,ZNF747,ZNF80,ZNF816,ZPBP2",500,500,100.0,0.19950715762451127,0.14023928247713344,0.15178199933220887,0.12049717922852315,0.047725158292302394,1.3144322680046217,0.3934802636760103,small,3.54871171720944e-167,4.8919335731984665e-107,True,True,0.6422415512963767,0.06180913232548846,poor,0.0,0.0,3249,83988
hvg_2000,"AADACL3,ABCA4,ABCB9,ABCC12,ABHD16A,ABHD17A,AC002128.1,AC003975.1,AC004593.3,AC005072.1,AC005899.5,AC006058.3,AC007450.1,AC007952.4,AC008079.1,AC010536.1,AC010624.5,AC011416.3,AC011751.1,AC012508.2,AC015631.1,AC016074.2,AC016575.2,AC016831.5,AC020916.1,AC022137.4,AC024075.1,AC025271.4,AC025287.4,AC026124.1,AC026333.4,AC068234.2,AC068389.1,AC078802.1,AC083809.1,AC084082.1,AC087498.1,AC090186.1,AC090377.1,AC090578.1,AC091965.4,AC092115.3,AC092171.4,AC092574.1,AC092807.3,AC092868.2,AC093010.2,AC093307.1,AC093843.2,AC097382.2,AC105052.5,AC105339.6,AC106774.4,AC107294.3,AC112172.2,AC116651.1,AC123768.2,AC127537.1,AC130895.1,AC132872.1,AC133919.1,AC135012.1,AC136944.1,AC234917.2,AC240274.1,AC245060.6,ACACA,ACAP1,ACCSL,ACER1,ACKR1,ACKR4,ACOT6,ACOX1,ACP2,ACSM2A,ACTG1,ACTG2,ACTL7B,ACTR2,AD000090.1,ADAD1,ADAM29,ADAM7,ADAM9,ADAMTS4,ADAMTSL5,ADH4,ADM,ADPRS,ADRA1D,ADRB2,ADTRP,AFAP1-AS1,AGAP9,AGER,AGMAT,AGPAT4,AHCY,AHDC1,AIDA,AIPL1,AJM1,AK7,AKAP1,AKAP17A,AKAP6,AKNAD1,AKR1B1,AKR1D1,AL008729.1,AL009176.1,AL022322.2,AL022328.3,AL031595.3,AL031733.2,AL031985.3,AL109810.2,AL109840.2,AL117329.1,AL121772.3,AL136162.1,AL138820.1,AL138999.1,AL139042.1,AL139220.2,AL139397.1,AL158835.1,AL162413.1,AL162596.1,AL163534.1,AL353135.2,AL354761.1,AL354950.1,AL355499.1,AL356259.1,AL356310.1,AL356417.3,AL356966.1,AL357078.2,AL357507.1,AL445213.2,AL445647.1,AL449403.2,AL451050.2,AL590822.2,AL603840.1,AL606970.3,AL627171.2,ALDH3A1,ALDH3B2,ALG11,ALG12,ALG3,ALK,ALKBH1,ALKBH6,ALPK1,AMER3,AMIGO2,AMN1,AMY2B,ANGPTL5,ANHX,ANKAR,ANKLE1,ANKRD20A1,ANKRD22,ANKRD29,ANKRD30A,ANKRD40CL,ANKRD42,ANKRD55,ANKRD66,ANKZF1,ANO8,ANTKMT,ANTXRL,AOC1,AOC3,AP000350.7,AP000424.2,AP000873.4,AP001198.1,AP001469.3,AP001505.1,AP001994.2,AP002812.2,AP003774.2,AP005131.4,AP3M2,AP3S2,AP5B1,APEH,APOA2,APOA4,APOBEC3F,APOC1,APOC3,APOL2,APOLD1,APOM,APPBP2,AQP9,ARAP3,ARG2,ARGLU1,ARHGAP1,ARHGAP25,ARHGAP29,ARHGAP45,ARHGAP9,ARHGEF17,ARHGEF2,ARHGEF26-AS1,ARL14EP,ARL17A,ARL17B,ARL5C,ARL6IP1,ARMCX6,ASB17,ASB18,ASB2,ASB5,ASCC3,ASCL5,ASL,ASPM,ATG2A,ATG5,ATP1A4,ATP1B3,ATP2A3,ATP2B2,ATP4A,ATP5F1C,ATP5MD,ATP6V0C,ATP6V1D,ATR,AVEN,B3GALT9,B3GNT2,B4GALT4,BAK1,BANF2,BASP1,BATF,BBC3,BBS12,BBS7,BCAN,BCL2L10,BEND2,BEST2,BFAR,BIK,BLK,BLVRB,BMERB1,BMF,BMP10,BNIP3,BOC,BOLL,BORCS5,BPIFB1,BPIFB4,BSND,BTBD18,BTBD6,BTF3,BTG1,BTN1A1,BTN2A1,BTNL2,BTNL8,BUD13,C10orf95,C11orf42,C12orf40,C12orf50,C12orf65,C12orf76,C14orf39,C17orf50,C17orf97,C19orf73,C19orf81,C19orf84,C19orf85,C1QTNF9B,C1orf105,C1orf141,C1orf226,C1orf232,C20orf85,C22orf42,C2CD3,C2CD4A,C2CD4D,C2orf16,C3AR1,C4orf46,C4orf51,C5orf58,C7orf77,C8orf76,C8orf86,C9orf131,C9orf152,C9orf64,C9orf85,CA11,CABCOCO1,CABP1,CACNA1C,CACNA1S,CACNG1,CACNG2,CACNG8,CADM1,CAGE1,CALCOCO1,CALHM3,CALHM4,CALHM6,CALM1,CALM2,CALR3,CAMKV,CAMP,CAMSAP2,CAPZA1,CARD6,CASP8,CASQ1,CAVIN4,CBL,CBLIF,CBLN2,CBR3,CBR3-AS1,CC2D2A,CCDC148,CCDC150,CCDC163,CCDC166,CCDC190,CCDC195,CCDC26,CCDC32,CCDC38,CCDC57,CCDC66,CCDC7,CCDC97,CCL18,CCL19,CCL27,CCN5,CCNT2,CCR2,CCR3,CCR7,CCT6A,CD177,CD19,CD1B,CD200R1,CD24,CD28,CD48,CD5,CD59,CD6,CD72,CD79A,CD79B,CD84,CD8A,CDC20B,CDC23,CDC42,CDH10,CDH19,CDK2,CDK2AP1,CDK2AP2,CDK5RAP3,CDK6,CDR1,CDX2,CEBPB,CELF5,CEND1,CEP120,CEP295,CEP41,CER1,CFAP126,CFAP410,CFAP52,CFAP97D1,CFAP97D2,CFD,CFHR3,CFL1,CHD3,CHI3L2,CHIA,CHIC1,CHRM2,CHRM4,CHRM5,CHRNA2,CHRNA6,CHRNB3,CHRNE,CHST11,CHST12,CIBAR2,CIITA,CLDN16,CLDN17,CLDN4,CLDND2,CLEC1A,CLEC2A,CLEC4E,CLK4,CLN5,CLRN2,CLTCL1,CLUL1,CNBP,CNGA1,CNGA2,CNGA4,CNGB1,CNKSR3,CNTRL,COA5,COA7,COG6,COG7,COL1A2,COL6A6,COMP,COPS5,COQ4,CORO2B,COX4I2,COX8C,CPA5,CPAMD8,CPB2,CPLX1,CPLX4,CPN1,CPNE6,CRADD,CREB3L1,CRISP1,CRISP3,CRNDE,CRYBB1,CRYBG3,CRYZL1,CSKMT,CSNK1A1,CSNK2A1,CSNKA2IP,CSRP1,CST7,CST8,CT62,CTAGE1,CTC1,CTNS,CTXND2,CWC25,CXCL1,CYB561A3,CYB5D1,CYP27B1,CYP2S1,CYP4Z1,CYP7A1,DACH1,DACT3,DAP3,DAPK2,DCAF16,DCANP1,DCDC2B,DCP1B,DCP2,DCUN1D5,DDHD1,DDT,DDX19A,DDX25,DDX53,DEDD2,DEFB110,DEFB123,DEFB128,DEGS1,DENND11,DENND2A,DES,DGCR6,DGKA,DIABLO,DIO2,DISP2,DIXDC1,DKK4,DLX2,DNAAF4,DNAJB2,DNAJC18,DNM3,DNMT3L,DOLPP1,DONSON,DPAGT1,DPEP2,DPEP2NB,DPF1,DPPA3,DPPA4,DPY19L4,DRC1,DRD3,DSE,DSG1,DSG4,DSPP,DUSP28,DUSP8,DUX4,DYM,DYNC1I2,EEF1A1,EFCAB10,EFCAB7,EID2B,EID3,EIF3F,EIF4ENIF1,EIF5A,EIF5AL1,ELF5,ELMO1,ELOB,ELOVL3,ELP5,EMB,EMC7,EML3,ENO1-AS1,ENSA,ENSG00000187186,ENSG00000285043,ENSG00000285938,ENSG00000286135,ENTHD1,ENTPD8,EPC1,ERAP2,EREG,ERFL,ESM1,ESPL1,ESS2,ESX1,ETV2,ETV3,ETV3L,EVA1B,EVI2A,EVX2,EXD1,EXOG,EXOSC7,EXTL2,F7,FABP2,FABP7,FADS6,FAHD2B,FAM118A,FAM133A,FAM133B,FAM151A,FAM153CP,FAM156A,FAM177B,FAM178B,FAM184A,FAM189A1,FAM200A,FAM214A,FAM221B,FAM228B,FAM237A,FAM237B,FAM83C,FAM90A14,FANCB,FANCD2OS,FAU,FBP1,FBXO24,FBXO32,FBXO33,FBXO48,FBXW7,FCGBP,FCGR2A,FCGR2B,FCGR3B,FCHSD1,FCN1,FEM1C,FER,FERD3L,FERMT3,FEZ1,FEZF1-AS1,FGA,FGB,FGD2,FGF21,FGF3,FGG,FKBP1B,FKBPL,FLRT3,FLT1,FLVCR2,FMN2,FMO2,FNDC8,FOLR2,FOXA3,FOXE3,FRMD6-AS1,FRZB,FSCB,FUT11,FXYD2,FXYD6,G3BP1,G3BP2,GABRB2,GABRB3,GAL3ST4,GALNTL5,GAP43,GAPDH,GAS5,GASAL1,GATA1,GATA4,GCC2,GCSH,GFY,GINS4,GIP,GJA9,GJD4,GK,GKN1,GLIPR2,GLRA1,GML,GNB3,GNG10,GNG3,GNG7,GNL3L,GOLGA8A,GOLGA8B,GOLPH3,GOPC,GP5,GPD1L,GPLD1,GPN3,GPR150,GPR151,GPR152,GPR26,GPR6,GPR85,GPR88,GRAMD1B,GRAMD2B,GRAMD4,GRHL3,GRID2IP,GRIFIN,GRPEL2,GSDMD,GSPT2,GSTA1,GSTA2,GSTA3,GSTA4,GSX1,GTF2A2,GTPBP10,GTPBP4,GTPBP8,GUCY2D,GZF1,H19,H1FNT,H1FOO,H2BU1,H4C8,HACL1,HAND1,HARS2,HASPIN,HAUS6,HBA1,HBA2,HBEGF,HBG2,HCG25,HCRTR2,HCST,HDAC10,HECW2-AS1,HELLPAR,HEMK1,HENMT1,HES3,HIGD2B,HIST1H2AA,HIST1H4B,HIST3H3,HLA-B,HLA-C,HLA-DMA,HLA-DOA,HLA-DQB1,HLA-DRB1,HMGN1,HMMR,HNF1B,HNRNPA1,HNRNPH2,HNRNPL,HNRNPM,HP,HPD,HPS5,HRNR,HSD17B12,HSD17B6,HSD17B7,HSF2BP,HSFX3,HSPA13,HSPA1A,HSPA1B,HSPA6,HSPB11,HSPBAP1,HTR2B,HTR2C,HTR3D,HTR4,HTRA2,HTRA4,HTT,HVCN1,HYAL1,HYAL3,HYKK,IDI2,IER2,IFI6,IFIH1,IFITM5,IFNA14,IFNA7,IFNAR1,IFNL2,IFNW1,IFT80,IGF1,IGFALS,IGFN1,IGHA1,IGHD,IGHG1,IGHG2,IGHG3,IGHG4,IGHGP,IGHJ6,IGHM,IGHMBP2,IGHV4-34,IGHV5-51,IGKC,IGKV4-1,IGLC1,IGLC2,IGLC3,IGLV3-1,IGLV6-57,IKBKB,IKBKE,IL17A,IL17F,IL17RA,IL18,IL21,IL22RA2,IL24,IL26,IL2RG,IL36G,IL4,IL4R,IL6R-AS1,IMPG1,INKA1,INKA2,INPP5D,INSIG2,INTS7,IQCG,IRAG2,IRF2BP2,IRGC,ISG20,ITGA10,ITLN2,ITM2A,ITPRIPL1,IZUMO3,JAKMIP1,JAM2,JCHAIN,JSRP1,JUND,KANK3,KANTR,KBTBD12,KBTBD4,KCNA10,KCNA3,KCNAB3,KCNC2,KCNC4,KCNG3,KCNG4,KCNH8,KCNK4,KCNK6,KCNRG,KCTD6,KCTD7,KCTD8,KDM5D,KDR,KF459542.1,KIAA0825,KIAA2012,KIF25,KIF5C,KIT,KLF12,KLF2,KLHDC4,KLHL10,KLHL21,KLHL28,KLHL6,KLLN,KLRG1,KMT5A,KRBOX5,KRT1,KRT13,KRT19,KRT27,KRT28,KRT35,KRT36,KRT37,KRT5,KRT6B,KRT85,KRTAP10-11,KRTAP10-3,KRTAP16-1,KRTAP19-2,KRTAP19-3,KRTAP19-4,KRTAP19-5,KRTAP2-1,KRTAP20-3,KRTAP22-1,KRTAP3-3,KRTAP4-11,KRTAP5-1,KRTAP5-8,KRTAP6-1,KRTAP6-2,KRTAP9-6,LACRT,LAG3,LAMTOR5,LAS1L,LBP,LCE1B,LCE2B,LCE3E,LCE6A,LCP1,LDHA,LDHB,LEMD1,LEMD3,LENEP,LENG1,LERFS,LETM2,LGALS14,LGALS7,LGI1,LHX5,LHX9,LILRB2,LIM2,LIMD1,LIN7B,LINC00311,LINC01055,LINC01127,LINC01132,LINC01170,LINC01203,LINC01229,LINC01320,LINC01500,LINC01521,LINC01551,LINC01694,LINC01762,LINC01783,LINC01844,LINC01962,LINC01979,LINC02078,LINC02133,LINC02606,LINC02664,LINC02809,LIPF,LIPM,LMTK3,LNP1,LORICRIN,LPAR6,LPCAT3,LPIN2,LPO,LRATD1,LRIG2,LRPAP1,LRRC15,LRRC2,LRRC23,LRRC30,LRRC37A2,LRRC40,LRRC53,LRRC72,LRRC74A,LRRD1,LRRN4,LRRTM1,LRRTM3,LRRTM4,LRTM2,LTB,LTF,LUM,LY6H,LY86,LYPLA1,LYPLA2,LYSMD4,LYVE1,LYZ,MAGEB18,MAGEB3,MALAT1,MANSC4,MAP1LC3B,MAP1LC3B2,MAP2K5,MAP3K19,MAPK6,MAPT,MARS1,MASP1,MASP2,MAST4,MATN1,MBD3L2B,MC5R,MCTS1,MDFI,MDGA2,MDP1,MED1,MED22,MEF2B,MEF2C,MEI1,MEIG1,MESP1,MESP2,METTL17,METTL21A,METTL25B,METTL7A,MFSD11,MFSD13A,MGA,MGAT4C,MIB2,MINDY1,MKRN2,MLKL,MLN,MMP26,MMP7,MMP9,MOCS3,MOG,MOV10,MPDU1,MPIG6B,MPO,MPV17,MPV17L,MPZ,MPZL1,MPZL3,MR1,MRGPRX4,MROH2B,MROH8,MRPL20,MRPL24,MRPL36,MRPL51,MRPS26,MRPS7,MS4A12,MS4A13,MS4A15,MS4A5,MSGN1,MSL1,MSL3,MSMB,MST1,MT-ATP6,MT-ATP8,MT-CO1,MT-CO2,MT-CO3,MT-CYB,MT-ND1,MT-ND2,MT-ND3,MT-ND4,MT-ND4L,MT-ND5,MTERF2,MTLN,MTMR14,MTNR1B,MTRF1,MTRNR2L1,MTRNR2L12,MTRNR2L4,MTRNR2L8,MUC17,MUC22,MYD88,MYH15,MYH2,MYL6,MYO1H,MYOCOS,MYOZ2,MZB1,MZF1,MZT2A,MZT2B,NAA11,NAA80,NACA,NAIP,NANOS3,NANS,NAP1L1,NAPEPLD,NAPSA,NARF,NBPF20,NCAPD3,NCF1,NCR2,NDRG2,NDUFA4,NDUFA4L2,NDUFAF4,NDUFB1,NDUFB4,NDUFS3,NEAT1,NEK2,NES,NETO1,NEU3,NEUROG3,NFKBIE,NGB,NHLH2,NIBAN3,NKAIN3,NKG7,NLGN4Y,NLRP13,NMB,NMU,NOM1,NOP9,NORAD,NPBWR2,NPC1,NPFF,NPHS1,NPIPB11,NPM1,NPRL2,NPY,NR0B1,NR3C2,NRL,NRSN1,NSUN6,NTSR1,NUBP2,NUDT15,NUDT21,NUDT4,NXNL1,OBSCN,ODF2L,ODF3,ODF4,OGN,OIP5-AS1,OLIG3,OMD,OMG,OPLAH,OPN1SW,OR10A2,OR10A5,OR10AG1,OR10D3,OR10G6,OR10G8,OR10J5,OR10K2,OR10T2,OR10V1,OR11G2,OR12D2,OR13C3,OR13C4,OR14K1,OR1B1,OR1G1,OR1I1,OR1L3,OR1L8,OR2A12,OR2D3,OR2H2,OR2L2,OR2M4,OR2M5,OR2T35,OR2T4,OR2T5,OR2T6,OR2W1,OR4C13,OR4D11,OR4F21,OR4K1,OR4K13,OR4K15,OR4N2,OR4Q3,OR4S1,OR4S2,OR4X1,OR51F1,OR51Q1,OR51T1,OR51V1,OR52B2,OR52E6,OR52E8,OR52L1,OR56A4,OR56A5,OR56B4,OR5AC2,OR5AN1,OR5B17,OR5D14,OR5D18,OR5I1,OR5K2,OR5W2,OR6C1,OR6C70,OR6J1,OR6K2,OR6P1,OR6T1,OR6X1,OR7C2,OR7D4,OR7G2,OR8D4,OR9G1,ORC2,ORC5,ORM2,OSTC,OTOP2,OTUB2,OXGR1,OXR1,P2RX1,PAFAH2,PAGE1,PAGE3,PAH,PAIP2,PAPLN,PAPOLB,PAQR9,PARP10,PART1,PARVG,PATE3,PATE4,PATL2,PAXBP1,PAXX,PBRM1,PCDH15,PCDHA2,PCDHB7,PCGF1,PCNP,PCNT,PCP2,PCSK7,PCYT1A,PDE11A,PDE6H,PDGFRB,PDHA2,PDIA3,PDLIM1,PDXDC1,PEX12,PGAM2,PGAP2,PGBD4,PGF,PGGHG,PHF12,PHGDH,PHKG1,PHOSPHO2,PHTF1,PI4K2A,PIGBOS1,PIGO,PIH1D2,PIK3C2B,PIK3C3,PKIB,PKM,PLA2G10,PLCB2,PLEK,PLEKHG5,PLEKHH3,PLGLB2,PLN,PLXDC1,PMP22,PMS1,POGLUT2,POLD4,POLE2,POLR2D,POLR2J3,POLR3A,POU1F1,POU2AF1,PPA1,PPEF2,PPFIA2,PPIA,PPIH,PPIP5K1,PPM1K,PPM1M,PPOX,PPP1R14A,PPP1R14B,PPP1R16B,PPP1R2,PPP1R27,PPP1R3A,PPP2R1A,PPP2R3C,PPP2R5C,PRAMEF33,PRAMEF4,PRB3,PRB4,PRDM16,PRDX1,PRDX2,PRELID1,PRG3,PRKAR1A,PRKCB,PRKCD,PRKRA,PRL,PRLHR,PRMT8,PROCA1,PROZ,PRR14,PRR33,PRR4,PRRT1,PRSS33,PRSS38,PRSS54,PSAPL1,PSG9,PSMA3-AS1,PSMA6,PSMB11,PSMB5,PSMB6,PSMC3IP,PSORS1C2,PSORS1C3,PTBP1,PTCRA,PTGDS,PTGR2,PTH,PTH2,PTMA,PTP4A2,PTPRC,PTPRM,PTRH1,PUS10,PVT1,PYY,PZP,RAB25,RAB37,RAB5IF,RAB6A,RABGAP1L-DT,RABL6,RADIL,RAE1,RAI1,RALGAPA2,RAN,RANBP6,RAP1B,RAPGEF3,RARG,RARRES1,RASD1,RASGEF1B,RASSF1,RB1,RBBP4,RBL1,RBM39,RBM7,REC114,REG4,REN,RETSAT,RFT1,RGL4,RGR,RGS14,RGS9BP,RHBDL1,RHOC,RHOQ,RILP,RIPK1,RLN1,RMDN2,RNASE1,RNASE13,RNASE9,RNF113B,RNF123,RNF126,RNF151,RNF166,RNF227,RNF39,RNF7,RNFT1,ROM1,ROPN1B,RPA2,RPA3,RPAP2,RPL10,RPL10A,RPL11,RPL12,RPL13,RPL13A,RPL14,RPL15,RPL17,RPL18,RPL18A,RPL19,RPL21,RPL22,RPL23,RPL23A,RPL24,RPL26,RPL27,RPL27A,RPL28,RPL29,RPL3,RPL30,RPL31,RPL32,RPL34,RPL35,RPL35A,RPL36,RPL36A,RPL36AL,RPL37,RPL37A,RPL38,RPL39,RPL4,RPL41,RPL5,RPL6,RPL7,RPL7A,RPL8,RPL9,RPLP0,RPLP1,RPLP2,RPS10,RPS11,RPS12,RPS13,RPS14,RPS15,RPS15A,RPS16,RPS17,RPS18,RPS19,RPS2,RPS20,RPS21,RPS23,RPS24,RPS25,RPS26,RPS27,RPS27A,RPS27L,RPS28,RPS29,RPS3,RPS3A,RPS4X,RPS5,RPS6,RPS7,RPS8,RPS9,RPSA,RRAGC,RRAS2,RRBP1,RSBN1,RSPH10B,RTCA,RTN4IP1,RXRB,S100A2,S1PR4,SAG,SAGE1,SALL3,SAMD3,SAMD5,SAP18,SAP25,SARAF,SARS2,SATB1,SAXO2,SBDS,SCARF1,SCGB1A1,SCGB1C2,SCGB3A1,SCLT1,SCN1A,SCN3A,SCNN1A,SCRT1,SDF2L1,SDHAF1,SDHD,SDR42E2,SEC14L1,SEC24B,SEC31B,SELE,SELENBP1,SELL,SEMA3B,SEMG1,SEPTIN9-DT,SERINC4,SERPINA9,SERPINB10,SERPINB11,SERPINH1,SERTAD3,SERTM1,SETD9,SETMAR,SF3A2,SFN,SFR1,SFRP2,SFRP4,SFT2D1,SFTPB,SFTPC,SFTPD-AS1,SGCE,SGCG,SGPP1,SH2D6,SHROOM2,SI,SIRPA,SIRT6,SKP1,SLAMF6,SLC11A1,SLC16A3,SLC19A3,SLC1A2,SLC22A10,SLC25A25,SLC25A6,SLC27A5,SLC27A6,SLC28A3,SLC2A3,SLC34A1,SLC35A1,SLC35A5,SLC35D2,SLC35G6,SLC36A2,SLC36A3,SLC39A4,SLC5A6,SLC6A6,SLC6A8,SLC7A14,SLC9B1,SLCO1B1,SLCO2B1,SLFN12,SLITRK6,SLPI,SLURP1,SMCHD1,SMG6,SMIM2,SMIM21,SMIM23,SMIM41,SNAI1,SNAPC3,SNCA,SND1-IT1,SNHG1,SNHG14,SNHG25,SNHG29,SNHG5,SNHG6,SNRNP27,SNRPA,SNRPB2,SNRPD2,SNRPD3,SNX4,SNX5,SOHLH1,SOX12,SOX30,SOX8,SP7,SPAG6,SPATA17,SPATA3,SPATA46,SPATA6L,SPDYC,SPDYE4,SPDYE5,SPDYE6,SPEM1,SPEM2,SPEM3,SPINK4,SPO11,SPP2,SPTY2D1OS,SRP14,SRP19,SRPK1,SRPX,SRRT,SRSF2,SSB,SSSCA1-AS1,SST,SSTR2,SSTR3,SSU72P2,ST8SIA1,ST8SIA2,STARD6,STAT1,STAT4,STK16,STK35,STMP1,STOML3,STPG2,STPG3,STRIP1,SUB1,SUCLG2-AS1,SULT2A1,SULT6B1,SUMO2,SUN5,SYN3,SYNCRIP,SYNE1,SYNGR3,SYNGR4,SYNPO2,SYP,SYS1,SYTL1,TAAR1,TAAR5,TAAR8,TAC3,TAC4,TACC3,TAF11L13,TAF11L14,TAF11L2,TAF11L4,TAF13,TAF1D,TAF8,TAS1R1,TAS2R46,TATDN3,TBATA,TBC1D1,TBCA,TBCC,TBXT,TCAP,TCEA1,TCEAL3,TCF21,TCP11,TCTE1,TDG,TECR,TELO2,TENT5C,TERF1,TESPA1,TEX2,TEX26,TEX45,TEX46,TEX48,TEX51,TEX52,TEX54,TFAM,TFR2,TGM7,THBS4,THEM4,THEM5,THG1L,THOC1,TIAL1,TIGD5,TIMM23,TIPARP,TLR10,TLR4,TLX1,TLX2,TM2D2,TM9SF4,TMA7,TMBIM4,TMCO3,TMEFF2,TMEM102,TMEM106C,TMEM108,TMEM119,TMEM151B,TMEM196,TMEM207,TMEM239,TMEM244,TMEM245,TMEM247,TMEM253,TMEM262,TMEM266,TMEM70,TMEM86A,TMEM88,TMPRSS11B,TMPRSS11D,TMSB10,TNF,TNFAIP3,TNFRSF13C,TNFRSF14,TNFSF14,TNFSF18,TNIK,TNK1,TNKS2,TOR1AIP2,TPI1,TPM3,TPM4,TPPP2,TPSB2,TPT1,TPT1-AS1,TRABD2A,TRAJ32,TRAJ35,TRAJ39,TRAJ9,TRAPPC2L,TRAPPC9,TRAV21,TRAV38-2DV8,TRAV40,TRAV5,TRAV8-7,TRBV12-5,TRBV6-4,TRDC,TRDJ3,TRGJP2,TRGV1,TRGV10,TRGV8,TRIM31,TRIM51GP,TRIM6,TRIM62,TRIM64B,TRIP4,TRMT6,TRMT61B,TRPC5,TRPT1,TSACC,TSEN2,TSN,TSPAN32,TSPAN8,TSPYL6,TSSK1B,TSSK2,TTC27,TTC32,TTC9C,TTI1,TTK,TTLL10,TTN,TTR,TTTY10,TTYH2,TUBA1A,TUBA1C,TUBB,TUBB8,TUBD1,TUBG1,TULP2,TYK2,TYMP,TYR,TYSND1,U2AF1L4,UAP1L1,UBE2D1,UBE2D3,UBE2L5,UBE2Q2L,UGT2A2,ULK3,UMODL1,UNC13C,UNC50,UPB1,UPK3BL1,UQCR10,UQCRH,USF1,USH2A,USP12,USP17L10,USP44,USP48,USP8,UTP11,UTP18,VGLL2,VILL,VIRMA,VPS33A,VRTN,VSIG10L,VSTM2B,VSX1,VWF,WASHC1,WDR12,WDR17,WDR25,WDR36,WDR38,WDR87,WEE2,WFS1,WIF1,WTAP,XAGE5,XBP1,XCR1,XIST,XPC,XPR1,YAF2,YBX1,YBX3,YEATS4,YJU2,YTHDF1,YWHAZ,ZAN,ZBTB14,ZBTB39,ZBTB43,ZC3H12D,ZCCHC4,ZDHHC22,ZFAND4,ZFAS1,ZFAT,ZFHX4,ZFX,ZG16,ZKSCAN4,ZNF114,ZNF124,ZNF134,ZNF136,ZNF138,ZNF160,ZNF174,ZNF184,ZNF264,ZNF276,ZNF302,ZNF343,ZNF346,ZNF366,ZNF37A,ZNF385D,ZNF394,ZNF429,ZNF493,ZNF500,ZNF534,ZNF556,ZNF575,ZNF616,ZNF619,ZNF622,ZNF675,ZNF682,ZNF688,ZNF705A,ZNF716,ZNF724,ZNF736,ZNF746,ZNF747,ZNF75D,ZNF771,ZNF80,ZNF816,ZNHIT1,ZPBP2,ZRANB3,ZSCAN29,ZSCAN30",2000,2000,100.0,0.16694536568886342,0.0745340022173452,0.139934577388562,0.06625963555237491,0.02701078830030143,1.193024403291686,0.4056517830127975,small,1.037807175669238e-158,1.2804843153734795e-113,True,True,0.6385473650671607,0.07415973729050004,poor,0.0,0.0,3249,83988
literature_T_cell_markers,"CD3D,CD3E,CD8A,CD4,CD2",5,5,100.0,0.4643576749311432,0.3820143264478731,0.32348143196257434,0.34144130800053185,0.14087624296856888,1.4355002452965144,0.41067244301453076,small,2.918963620117747e-101,2.1618810528953987e-116,True,True,0.6068898724235517,0.05548563551636535,poor,1.7236072637734685,7.232994767620807,3249,83988
hvg_5000,"AACS,AADACL3,AADACL4,AADAT,AARS1,AARS2,AASS,ABCA4,ABCA7,ABCA8,ABCA9,ABCB1,ABCB4,ABCB9,ABCC12,ABCC3,ABHD10,ABHD13,ABHD14B,ABHD16A,ABHD16B,ABHD17A,AC002044.1,AC002128.1,AC002558.3,AC003975.1,AC004160.1,AC004477.3,AC004593.3,AC004817.2,AC004877.1,AC004951.1,AC005041.4,AC005072.1,AC005224.2,AC005261.1,AC005534.1,AC005695.3,AC005722.3,AC005838.2,AC005899.5,AC005899.6,AC005911.1,AC006058.1,AC006058.3,AC006064.5,AC006141.1,AC007098.1,AC007326.5,AC007384.1,AC007391.1,AC007406.3,AC007450.1,AC007485.1,AC007546.1,AC007608.3,AC007620.2,AC007663.4,AC007878.1,AC007922.2,AC007952.4,AC007998.4,AC008011.2,AC008079.1,AC008083.4,AC008105.3,AC008147.2,AC008760.2,AC008883.3,AC008894.2,AC008906.1,AC008915.1,AC008969.2,AC009495.2,AC009704.2,AC010336.1,AC010536.1,AC010542.4,AC010542.5,AC010624.5,AC010632.2,AC010976.2,AC011346.1,AC011416.3,AC011603.2,AC011751.1,AC011773.4,AC011978.2,AC012467.2,AC012485.3,AC012508.2,AC013724.1,AC015631.1,AC016026.2,AC016074.2,AC016575.2,AC016723.1,AC016831.5,AC016907.2,AC016949.1,AC020661.1,AC020741.1,AC020916.1,AC020922.4,AC020928.2,AC021092.1,AC021491.4,AC022035.1,AC022137.4,AC023157.3,AC023310.4,AC024075.1,AC024941.2,AC025031.3,AC025048.4,AC025271.4,AC025287.4,AC025569.1,AC026124.1,AC026333.4,AC027279.1,AC027288.3,AC034199.1,AC051619.7,AC060814.3,AC067930.8,AC068234.2,AC068389.1,AC068888.2,AC069277.1,AC072022.2,AC073140.1,AC073225.1,AC073270.1,AC073869.3,AC078802.1,AC079336.5,AC079466.1,AC079684.1,AC079915.1,AC083809.1,AC083973.1,AC084082.1,AC084824.5,AC084871.1,AC087071.1,AC087386.1,AC087498.1,AC087501.4,AC087636.1,AC087854.1,AC090164.2,AC090186.1,AC090377.1,AC090559.2,AC090578.1,AC090579.1,AC091544.4,AC091563.1,AC091729.3,AC091965.4,AC092053.2,AC092115.3,AC092117.1,AC092171.4,AC092325.1,AC092338.3,AC092574.1,AC092757.3,AC092807.3,AC092868.2,AC093010.2,AC093151.2,AC093249.2,AC093307.1,AC093388.1,AC093425.1,AC093577.1,AC093627.7,AC093843.2,AC096576.6,AC096772.1,AC097382.2,AC097654.1,AC097662.1,AC098820.3,AC100786.1,AC100830.1,AC100858.3,AC102953.2,AC103740.2,AC103769.1,AC103810.5,AC104083.1,AC104211.1,AC104561.4,AC104964.4,AC105020.2,AC105052.5,AC105339.6,AC105429.1,AC106028.4,AC106739.1,AC106774.4,AC107208.1,AC107294.3,AC108463.3,AC108477.2,AC109449.1,AC110285.1,AC112172.2,AC113143.3,AC114811.2,AC115220.1,AC116651.1,AC118469.2,AC118757.1,AC118758.3,AC119403.1,AC120498.6,AC123768.2,AC123768.4,AC125603.4,AC125807.2,AC126773.4,AC127537.1,AC130895.1,AC132872.1,AC133919.1,AC135012.1,AC135050.1,AC135050.6,AC136475.2,AC136944.1,AC137770.1,AC138904.3,AC231981.1,AC234917.2,AC240274.1,AC242022.2,AC244517.1,AC245052.4,AC245060.6,ACAA1,ACACA,ACADSB,ACAP1,ACCSL,ACER1,ACKR1,ACKR4,ACOD1,ACOT2,ACOT6,ACOX1,ACP2,ACRV1,ACSL1,ACSM2A,ACSM2B,ACSM6,ACSS2,ACTG1,ACTG2,ACTL6B,ACTL7B,ACTR2,ACTRT2,ACVR1C,ACY3,ACYP1,AD000090.1,ADAD1,ADAM10,ADAM19,ADAM29,ADAM30,ADAM7,ADAM9,ADAMTS4,ADAMTSL5,ADAP2,ADCY4,ADGRB3,ADGRD2,ADGRE3,ADGRF1,ADGRG7,ADH4,ADIPOQ,ADM,ADORA3,ADPGK-AS1,ADPRM,ADPRS,ADRA1D,ADRB1,ADRB2,ADRB3,ADSSL1,ADTRP,AF121898.1,AF165147.1,AF233439.1,AF235103.3,AFAP1-AS1,AFAP1L1,AGAP1-IT1,AGAP2,AGAP9,AGBL5,AGER,AGMAT,AGPAT4,AGT,AHCTF1,AHCY,AHDC1,AHI1,AHSG,AIDA,AIM2,AIPL1,AJM1,AK2,AK3,AK5,AK7,AKAIN1,AKAP1,AKAP17A,AKAP4,AKAP6,AKAP7,AKIP1,AKNAD1,AKR1A1,AKR1B1,AKR1C2,AKR1D1,AKT3,AL008582.1,AL008723.2,AL008729.1,AL008729.2,AL009176.1,AL021918.5,AL022322.2,AL022328.3,AL022344.1,AL031055.1,AL031283.1,AL031587.3,AL031595.3,AL031733.2,AL031768.1,AL031985.3,AL035446.1,AL049597.2,AL050343.3,AL078600.1,AL109810.2,AL109840.2,AL117329.1,AL118511.1,AL121761.1,AL121772.3,AL121845.1,AL121929.2,AL121985.1,AL122125.1,AL132639.2,AL133255.1,AL133445.2,AL136162.1,AL138724.1,AL138820.1,AL138963.4,AL138999.1,AL139042.1,AL139220.2,AL139397.1,AL139398.1,AL157931.1,AL158055.1,AL158214.2,AL158825.2,AL158835.1,AL161630.1,AL162274.1,AL162413.1,AL162511.1,AL162596.1,AL163534.1,AL352984.1,AL353135.2,AL353803.2,AL354760.1,AL354761.1,AL354950.1,AL355303.2,AL355482.1,AL355499.1,AL355574.1,AL356259.1,AL356310.1,AL356417.3,AL356966.1,AL357078.2,AL357507.1,AL357556.4,AL358781.1,AL359541.1,AL360012.1,AL365181.2,AL390755.1,AL390955.2,AL391988.1,AL445213.2,AL445647.1,AL445989.1,AL449403.2,AL451050.2,AL451074.5,AL513327.1,AL583785.1,AL589843.1,AL590068.1,AL590822.2,AL603840.1,AL606500.1,AL606970.3,AL627171.2,AL713998.3,AL807757.2,AL844892.1,ALAS1,ALCAM,ALDH1A3,ALDH3A1,ALDH3B2,ALDOA,ALG11,ALG12,ALG3,ALK,ALKBH1,ALKBH6,ALOX15,ALPG,ALPK1,AMBN,AMDHD2,AMER2,AMER3,AMIGO2,AMN1,AMPD3,AMY2B,ANAPC5,ANGPTL5,ANGPTL6,ANHX,ANKAR,ANKDD1A,ANKLE1,ANKRD20A1,ANKRD20A4,ANKRD22,ANKRD28,ANKRD29,ANKRD30A,ANKRD34C,ANKRD35,ANKRD36B,ANKRD39,ANKRD40CL,ANKRD42,ANKRD44,ANKRD46,ANKRD55,ANKRD60,ANKRD61,ANKRD66,ANKZF1,ANO8,ANP32E,ANTKMT,ANTXRL,ANXA10,AOC1,AOC3,AP000350.7,AP000355.1,AP000424.1,AP000424.2,AP000552.4,AP000662.1,AP000845.1,AP000873.4,AP001094.2,AP001198.1,AP001267.2,AP001469.3,AP001505.1,AP001994.2,AP002812.2,AP002840.2,AP003119.3,AP003392.3,AP003472.2,AP003774.2,AP005131.4,AP005131.7,AP005329.3,AP006545.2,AP007216.2,AP1B1,AP3M2,AP3S1,AP3S2,AP5B1,AP5S1,APAF1,APBA3,APBB3,APC2,APEH,APH1B,APOA2,APOA4,APOBEC1,APOBEC3F,APOBEC3H,APOC1,APOC3,APOD,APOE,APOF,APOL2,APOL4,APOL5,APOLD1,APOM,APPBP2,AQP1,AQP12A,AQP3,AQP6,AQP9,ARAP3,ARF6,ARFGAP2,ARFIP2,ARG1,ARG2,ARGLU1,ARHGAP1,ARHGAP15,ARHGAP20,ARHGAP22,ARHGAP25,ARHGAP29,ARHGAP45,ARHGAP9,ARHGEF10,ARHGEF17,ARHGEF2,ARHGEF26-AS1,ARHGEF28,ARHGEF37,ARHGEF40,ARID5B,ARIH2,ARL14EP,ARL17A,ARL17B,ARL2,ARL4A,ARL5C,ARL6IP1,ARL8B,ARMC10,ARMC3,ARMC5,ARMCX3,ARMCX6,ARMS2,ARPC1B,ARPC3,ARPC5,ARR3,ARSD,ARTN,ASAP1-IT2,ASB14,ASB17,ASB18,ASB2,ASB5,ASCC3,ASCL2,ASCL3,ASCL5,ASIC1,ASL,ASPM,ASPRV1,ATG14,ATG16L2,ATG2A,ATG2B,ATG4B,ATG5,ATG7,ATM,ATOH7,ATP13A4,ATP13A5,ATP1A4,ATP1B3,ATP1B4,ATP2A3,ATP2B2,ATP4A,ATP5F1C,ATP5MC1,ATP5MD,ATP5MGL,ATP5PO,ATP6V0C,ATP6V0D1,ATP6V0E1,ATP6V0E2,ATP6V1A,ATP6V1D,ATP6V1G3,ATP7A,ATP8B4,ATR,ATRN,ATXN7L1,ATXN7L3,AVEN,AVPR2,AWAT1,AXIN2,AZI2,AZIN2,AZU1,B3GALT9,B3GAT3,B3GNT2,B3GNT6,B4GALT4,BAALC,BAAT,BACE2,BAIAP3,BAK1,BANF2,BARHL2,BASP1,BASP1-AS1,BATF,BAZ2B,BBC3,BBS10,BBS12,BBS4,BBS7,BCAN,BCAS1,BCKDHB,BCL11B,BCL2,BCL2L10,BCL2L15,BCL9,BCS1L,BDH2,BECN2,BEND2,BEST2,BEST3,BET1,BFAR,BFSP2,BHLHB9,BHLHE41,BICD2,BIK,BIN3,BIRC5,BLID,BLK,BLNK,BLVRB,BMERB1,BMF,BMP10,BMS1,BNIP1,BNIP3,BOC,BOLA1,BOLL,BOP1,BORCS5,BORCS6,BPIFA1,BPIFA2,BPIFB1,BPIFB2,BPIFB4,BPIFC,BRAF,BRD3OS,BRD7,BRINP2,BRINP3,BRME1,BRSK1,BSND,BSPH1,BSX,BTBD16,BTBD18,BTBD6,BTF3,BTG1,BTG3,BTN1A1,BTN2A1,BTNL2,BTNL8,BUD13,BUD31,C10orf143,C10orf53,C10orf67,C10orf91,C10orf95,C10orf99,C11orf21,C11orf42,C11orf44,C11orf71,C12orf40,C12orf42,C12orf50,C12orf65,C12orf71,C12orf73,C12orf76,C14orf39,C16orf78,C16orf91,C16orf92,C16orf95,C17orf100,C17orf107,C17orf50,C17orf58,C17orf97,C18orf54,C19orf73,C19orf81,C19orf84,C19orf85,C1QA,C1QC,C1QL1,C1QL2,C1QL4,C1QTNF9,C1QTNF9B,C1RL,C1orf100,C1orf105,C1orf141,C1orf158,C1orf167,C1orf174,C1orf185,C1orf189,C1orf226,C1orf232,C1orf50,C1orf52,C1orf68,C1orf87,C20orf144,C20orf194,C20orf204,C20orf85,C21orf91,C22orf42,C2CD3,C2CD4A,C2CD4D,C2CD4D-AS1,C2orf16,C2orf66,C2orf81,C3,C3AR1,C3orf56,C3orf80,C3orf84,C4A,C4B,C4orf17,C4orf45,C4orf46,C4orf51,C5AR2,C5orf38,C5orf52,C5orf58,C5orf63,C5orf64,C6orf226,C7orf77,C8orf48,C8orf76,C8orf82,C8orf86,C9orf131,C9orf152,C9orf24,C9orf50,C9orf64,C9orf85,CA1,CA11,CA12,CA6,CA7,CABCOCO1,CABP1,CACFD1,CACNA1C,CACNA1S,CACNG1,CACNG2,CACNG8,CACUL1,CACYBP,CADM1,CADM2,CADM3,CAGE1,CALCOCO1,CALHM1,CALHM3,CALHM4,CALHM6,CALM1,CALM2,CALR3,CALY,CAMK1G,CAMK2D,CAMKV,CAMLG,CAMP,CAMSAP2,CAMTA2,CANT1,CAPN1,CAPNS2,CAPZA1,CARD18,CARD6,CARD8,CARMIL2,CARMIL3,CARNS1,CARS1,CASC19,CASC4,CASP1,CASP4,CASP8,CASQ1,CASQ2,CATIP,CATSPER4,CATSPERG,CAVIN4,CBL,CBLC,CBLIF,CBLL2,CBLN2,CBR3,CBR3-AS1,CBX4,CBY1,CBY3,CC2D2A,CC2D2B,CCDC12,CCDC121,CCDC134,CCDC144A,CCDC148,CCDC150,CCDC152,CCDC158,CCDC163,CCDC166,CCDC172,CCDC179,CCDC183,CCDC184,CCDC185,CCDC190,CCDC192,CCDC195,CCDC196,CCDC200,CCDC26,CCDC32,CCDC38,CCDC39,CCDC42,CCDC57,CCDC66,CCDC7,CCDC71L,CCDC83,CCDC87,CCDC88A,CCDC88C,CCDC90B,CCDC97,CCER1,CCKAR,CCL14,CCL16,CCL18,CCL19,CCL20,CCL22,CCL27,CCL4,CCN1,CCN2,CCN5,CCN6,CCNDBP1,CCNF,CCNT2,CCNYL1,CCR1,CCR10,CCR2,CCR3,CCR4,CCR5,CCR7,CCR9,CCRL2,CCSAP,CCSER2,CCT6A,CCT6B,CD160,CD164L2,CD177,CD180,CD19,CD1B,CD1E,CD2,CD200R1,CD207,CD209,CD226,CD24,CD244,CD248,CD27,CD28,CD300E,CD300LD,CD302,CD36,CD38,CD3D,CD3E,CD48,CD5,CD59,CD5L,CD6,CD72,CD79A,CD79B,CD84,CD86,CD8A,CD96,CD99L2,CDAN1,CDC123,CDC20B,CDC23,CDC26,CDC34,CDC37,CDC42,CDC7,CDCA7L,CDCP2,CDH10,CDH19,CDH24,CDHR5,CDK2,CDK2AP1,CDK2AP2,CDK5RAP3,CDK6,CDKL2,CDKN2AIP,CDR1,CDX2,CEACAM18,CEACAM3,CEBPA,CEBPB,CEBPE,CEBPZOS,CELA1,CELA2B,CELF2,CELF2-DT,CELF5,CELSR2,CEMIP,CEND1,CENPP,CENPVL3,CEP120,CEP126,CEP295,CEP41,CER1,CERCAM,CERKL,CERNA2,CES3,CES5A,CETN3,CFAP126,CFAP141,CFAP206,CFAP210,CFAP299,CFAP410,CFAP418,CFAP45,CFAP52,CFAP61,CFAP69,CFAP70,CFAP77,CFAP97D1,CFAP97D2,CFC1B,CFD,CFHR2,CFHR3,CFHR4,CFL1,CFTR,CGA,CGNL1,CHAC2,CHAD,CHADL,CHAT,CHCHD1,CHD3,CHD8,CHI3L1,CHI3L2,CHIA,CHIC1,CHMP5,CHPF,CHRM1,CHRM2,CHRM4,CHRM5,CHRNA10,CHRNA2,CHRNA6,CHRNA9,CHRNB3,CHRND,CHRNE,CHRNG,CHST11,CHST12,CIB1,CIBAR2,CIC,CIITA,CIPC,CIROP,CKAP2L,CKM,CKS1B,CKS2,CLCA1,CLCA4,CLCF1,CLCN5,CLCN6,CLDN10-AS1,CLDN15,CLDN16,CLDN17,CLDN4,CLDN5,CLDND2,CLEC10A,CLEC12B,CLEC17A,CLEC19A,CLEC1A,CLEC2A,CLEC3A,CLEC3B,CLEC4C,CLEC4E,CLEC5A,CLEC7A,CLEC9A,CLHC1,CLK4,CLMN,CLN3,CLN5,CLN8,CLPTM1L,CLRN2,CLTCL1,CLU,CLUH,CLUL1,CMTM7,CMTR1,CNBP,CNEP1R1,CNGA1,CNGA2,CNGA4,CNGB1,CNIH2,CNKSR3,CNMD,CNNM2,CNOT7,CNTD1,CNTF,CNTRL,COA5,COA7,COG3,COG4,COG6,COG7,COL14A1,COL1A2,COL23A1,COL2A1,COL3A1,COL6A6,COL9A1,COLCA2,COLQ,COMMD3,COMP,COMTD1,COPE,COPRS,COPS5,COPS9,COQ4,COQ5,COQ6,CORO1A,CORO2B,CORO6,COX20,COX4I2,COX8C,CPA1,CPA5,CPAMD8,CPB2,CPEB1,CPHXL2,CPLX1,CPLX3,CPLX4,CPM,CPN1,CPNE5,CPNE6,CPXCR1,CR1L,CRADD,CRB1,CRB2,CREB3,CREB3L1,CREB5,CREBZF,CRELD2,CRH,CRISP1,CRISP3,CRLF3,CRNDE,CRNN,CROT,CRP,CRX,CRYBA4,CRYBB1,CRYBG3,CRYGS,CRYZL1,CS,CSAD,CSGALNACT2,CSKMT,CSN2,CSNK1A1,CSNK2A1,CSNKA2IP,CSPG4,CSRNP2,CSRP1,CSRP2,CSRP3,CST7,CST8,CST9,CSTB,CSTL1,CT62,CTAGE1,CTBP2,CTC1,CTDP1,CTLA4,CTNNAL1,CTNS,CTRL,CTSA,CTSF,CTSK,CTSS,CTSV,CTXND2,CU633906.2,CUBN,CUL7,CWC22,CWC25,CX3CR1,CXCL1,CXCL10,CXCL13,CXCR1,CXCR2,CXCR5,CXorf65,CXorf66,CYB561A3,CYB5A,CYB5D1,CYC1,CYCS,CYLD,CYP1A1,CYP1A2,CYP1B1-AS1,CYP27B1,CYP2B6,CYP2D6,CYP2F1,CYP2S1,CYP3A4,CYP4A22,CYP4F8,CYP4Z1,CYP7A1,CYRIA,CYTIP,CYTL1,D2HGDH,DACH1,DACH2,DACT3,DACT3-AS1,DAGLA,DANCR,DAOA,DAP3,DAPK2,DAZL,DCAF13,DCAF16,DCAF4L2,DCAF8L1,DCANP1,DCD,DCDC2B,DCP1B,DCP2,DCTN5,DCUN1D2,DCUN1D5,DDHD1,DDI1,DDR1-DT,DDR2,DDT,DDX19A,DDX25,DDX43,DDX53,DECR2,DEDD2,DEFA4,DEFB110,DEFB113,DEFB123,DEFB125,DEFB126,DEFB128,DEFB132,DEFB134,DEGS1,DEGS2,DENND11,DENND2A,DENND3,DERL2,DERL3,DES,DGCR10,DGCR6,DGKA,DGKG,DGKQ,DHCR24-DT,DHFR2,DHRS11,DHRS7,DHX8,DIABLO,DIDO1,DIO2,DIPK1C,DISP2,DIXDC1,DKK1,DKK4,DLGAP2,DLST,DLX2,DMBT1,DMRTB1,DNAAF3,DNAAF4,DNAAF8,DNAH10,DNAH12,DNAH2,DNAH6,DNAI1,DNAJB2,DNAJB6,DNAJB7,DNAJB8,DNAJC18,DNAJC4,DNAJC5G,DNASE2,DNM3,DNMT3L,DOC2A,DOCK5,DOLK,DOLPP1,DONSON,DPAGT1,DPEP2,DPEP2NB,DPEP3,DPF1,DPH2,DPPA3,DPPA4,DPY19L4,DR1,DRAM1,DRC1,DRC7,DRD3,DRG1,DSC1,DSCAML1,DSCC1,DSE,DSG1,DSG4,DSPP,DTHD1,DTL,DTNA,DTX2,DUOXA2,DUSP13,DUSP16,DUSP19,DUSP28,DUSP8,DUX4,DUXA,DUXAP8,DUXB,DYDC1,DYM,DYNC1I2,DYNLRB1,DYRK3,DYRK4,DYSF,E2F2,EBPL,ECI1,EDDM3B,EDIL3,EEF1A1,EEF1D,EFCAB10,EFCAB13,EFCAB5,EFCAB7,EFCC1,EFHB,EFHC1,EFNA3,EGFL7,EGR4,EHD1,EID2B,EID3,EIF2S2,EIF3F,EIF4E1B,EIF4ENIF1,EIF5A,EIF5AL1,ELAVL3,ELF2,ELF5,ELMO1,ELMOD3,ELOB,ELOC,ELOVL3,ELP5,EMB,EMC6,EMC7,EME2,EMILIN1,EMILIN2,EML2,EML3,EMSY,ENDOU,ENDOV,ENO1-AS1,ENO3,ENO4,ENPP4,ENSA,ENSG00000170846,ENSG00000187186,ENSG00000283536,ENSG00000284976,ENSG00000285043,ENSG00000285329,ENSG00000285938,ENSG00000286070,ENSG00000286135,ENTHD1,ENTPD5,ENTPD7,ENTPD8,EOGT,EOMES,EPB41,EPB41L4B,EPC1,EPGN,EPN3,EPSTI1,EPX,ERAP1,ERAP2,ERC2,ERCC6L2,EREG,ERFL,ERI2,ERICH5,ERICH6,ERN1,ERVFRD-1,ESAM,ESM1,ESPL1,ESRP2,ESS2,ESX1,ETF1,ETHE1,ETV2,ETV3,ETV3L,EVA1B,EVI2A,EVL,EVX1,EVX2,EWSR1,EXD1,EXOC1,EXOC3L4,EXOC7,EXOG,EXOSC6,EXOSC7,EXTL1,EXTL2,EYA3,EZH1,F11,F13A1,F7,F8A3,FAAP100,FABP2,FABP3,FABP4,FABP5,FABP7,FADS2,FADS6,FAHD2B,FAM104A,FAM110B,FAM110D,FAM114A2,FAM118A,FAM126A,FAM133A,FAM133B,FAM135A,FAM151A,FAM153CP,FAM156A,FAM160B1,FAM177A1,FAM177B,FAM178B,FAM181A,FAM184A,FAM186A,FAM187B,FAM189A1,FAM200A,FAM205C,FAM20A,FAM214A,FAM215B,FAM221B,FAM228B,FAM237A,FAM237B,FAM240A,FAM24A,FAM43A,FAM83C,FAM90A14,FAM90A26,FAM98C,FANCB,FANCD2OS,FANCF,FASN,FAU,FBL,FBP1,FBP2,FBXO24,FBXO32,FBXO33,FBXO36,FBXO38,FBXO39,FBXO48,FBXW10,FBXW7,FCER2,FCGBP,FCGR2A,FCGR2B,FCGR3A,FCGR3B,FCHSD1,FCN1,FCRL1,FCRL2,FCRL3,FDXACB1,FDXR,FEM1C,FER,FERD3L,FERMT3,FEZ1,FEZF1-AS1,FGA,FGB,FGD2,FGD3,FGD5-AS1,FGF21,FGF3,FGF4,FGF5,FGF9,FGFBP1,FGFR1OP2,FGFRL1,FGG,FHL1,FHOD1,FKBP1B,FKBP7,FKBPL,FLNC,FLRT1,FLRT3,FLT1,FLVCR2,FMN1,FMN2,FMO2,FNDC8,FNTA,FOLR1,FOLR2,FOSB,FOXA3,FOXD4,FOXE3,FOXP1-IT1,FOXP2,FP565260.3,FRAT1,FREM3,FRMD6-AS1,FRMD8,FRMPD1,FRMPD4,FRZB,FSCB,FSCN3,FSD2,FSHR,FSIP1,FTCDNL1,FTMT,FTO,FTX,FUBP1,FUCA1,FUNDC2,FUT11,FXYD1,FXYD2,FXYD6,FXYD7,FYB1,FYN,G3BP1,G3BP2,G6PC1,GABARAPL1,GABRA6,GABRB2,GABRB3,GABRR3,GACAT2,GADD45G,GAK,GAL3ST1,GAL3ST4,GALNT12,GALNT4,GALNT9,GALNTL5,GALNTL6,GALR2,GAP43,GAPDH,GAPT,GARRE1,GART,GAS2L2,GAS5,GASAL1,GATA1,GATA4,GATA5,GATC,GATD1,GBA2,GBP4,GCC2,GCFC2,GCHFR,GCOM1,GCSAM,GCSH,GDF2,GDF3,GDPD2,GDPGP1,GFY,GGA1,GGTLC1,GHRHR,GID4,GIMAP8,GIMD1,GINS4,GIP,GJA8,GJA9,GJC3,GJD4,GJE1,GK,GKN1,GKN2,GLIPR1L1,GLIPR1L2,GLIPR2,GLOD4,GLOD5,GLRA1,GLRA3,GLRX,GLS2,GLT6D1,GLT8D2,GLUD1,GLYATL3,GMCL1,GMFB,GMIP,GML,GNAO1,GNB3,GNG10,GNG3,GNG5,GNG7,GNG8,GNGT1,GNL3L,GNLY,GNRHR,GOLGA2,GOLGA6L9,GOLGA7,GOLGA8A,GOLGA8B,GOLGA8T,GOLPH3,GOPC,GOT2,GP1BA,GP5,GP9,GPA33,GPATCH11,GPATCH3,GPATCH8,GPD1,GPD1L,GPHB5,GPLD1,GPN3,GPR12,GPR137,GPR142,GPR148,GPR150,GPR151,GPR152,GPR155,GPR174,GPR179,GPR18,GPR183,GPR22,GPR26,GPR3,GPR31,GPR32,GPR34,GPR55,GPR6,GPR61,GPR63,GPR65,GPR78,GPR84,GPR85,GPR88,GPRIN2,GPS2,GPX3,GRAMD1B,GRAMD2B,GRAMD4,GREM1,GRHL3,GRIA2,GRID2IP,GRIFIN,GRIN3B,GRIP2,GRK2,GRPEL2,GSC2,GSDMA,GSDMB,GSDMD,GSEC,GSPT2,GSTA1,GSTA2,GSTA3,GSTA4,GSTA5,GSTM1,GSTM5,GSX1,GTF2A2,GTPBP10,GTPBP3,GTPBP4,GTPBP8,GUCA1C,GUCY2D,GUSB,GVQW3,GYG1,GYS2,GZF1,GZMK,GZMM,H19,H1FNT,H1FOO,H2AC15,H2AC6,H2BC21,H2BC3,H2BFM,H2BU1,H3-3A,H3.Y,H3F3A,H4C8,HABP2,HACD4,HACL1,HAMP,HAND1,HAPLN2,HARS2,HASPIN,HAUS3,HAUS5,HAUS6,HAUS8,HAVCR1,HBA1,HBA2,HBB,HBEGF,HBG2,HBQ1,HCAR2,HCAR3,HCFC2,HCG17,HCG25,HCN3,HCRT,HCRTR2,HCST,HDAC10,HDHD3,HDHD5-AS1,HEATR4,HEATR9,HECW2-AS1,HEIH,HELB,HELLPAR,HEMK1,HENMT1,HEPN1,HERC5,HES1,HES3,HEXD,HEXD-IT1,HHATL,HHIPL2,HHLA1,HIGD1A,HIGD1C,HIGD2A,HIGD2B,HIST1H2AA,HIST1H2BF,HIST1H4B,HIST2H2AA3,HIST3H3,HK3,HLA-A,HLA-B,HLA-C,HLA-DMA,HLA-DOA,HLA-DQB1,HLA-DRB1,HLA-DRB5,HMCES,HMGA1,HMGB1,HMGB2,HMGCS1,HMGN1,HMGN2,HMHB1,HMMR,HMX2,HMX3,HNF1B,HNRNPA1,HNRNPA2B1,HNRNPCL1,HNRNPH2,HNRNPH3,HNRNPK,HNRNPL,HNRNPM,HOXA11-AS,HOXB7,HOXC4,HOXC9,HP,HPD,HPGD,HPS5,HRK,HRNR,HS3ST3B1,HSD17B1,HSD17B12,HSD17B6,HSD17B7,HSD17B8,HSD3B1,HSD3B2,HSD3B7,HSF2BP,HSF4,HSF5,HSFX3,HSFX4,HSPA12A,HSPA13,HSPA1A,HSPA1B,HSPA1L,HSPA6,HSPB11,HSPB9,HSPBAP1,HTN1,HTR2B,HTR2C,HTR3C,HTR3D,HTR4,HTR5A,HTRA2,HTRA3,HTRA4,HTT,HVCN1,HYAL1,HYAL3,HYKK,IAH1,IAPP,ICAM3,ICAM5,ICOS,IDI2,IER2,IER3IP1,IFFO1,IFI44,IFI6,IFIH1,IFIT1B,IFITM5,IFNA1,IFNA14,IFNA16,IFNA21,IFNA6,IFNA7,IFNAR1,IFNB1,IFNK,IFNL2,IFNW1,IFT80,IGDCC3,IGF1,IGFALS,IGFBP3,IGFN1,IGHA1,IGHD,IGHG1,IGHG2,IGHG3,IGHG4,IGHGP,IGHJ2,IGHJ6,IGHM,IGHMBP2,IGHV1-46,IGHV1-58,IGHV3-33,IGHV4-34,IGHV5-10-1,IGHV5-51,IGHV6-1,IGKC,IGKV4-1,IGKV5-2,IGKV6D-41,IGLC1,IGLC2,IGLC3,IGLJ1,IGLJ5,IGLV2-33,IGLV3-1,IGLV3-32,IGLV6-57,IGSF9,IKBKB,IKBKE,IKBKG,IKZF1,IKZF4,IL10,IL11RA,IL16,IL17A,IL17C,IL17F,IL17RA,IL17RB,IL17RE,IL18,IL18R1,IL1F10,IL1R2,IL2,IL21,IL21R,IL22RA2,IL24,IL26,IL2RA,IL2RG,IL36G,IL4,IL4I1,IL4R,IL5,IL5RA,IL6R-AS1,IL9,IL9R,IMMP1L,IMP3,IMPACT,IMPDH1,IMPG1,INAFM2,ING4,ING5,INKA1,INKA2,INO80B,INO80C,INPP5B,INPP5D,INPP5F,INS,INSIG2,INSRR,INTS2,INTS5,INTS7,IPCEF1,IPO4,IPO7,IPO9-AS1,IQCA1,IQCD,IQCF2,IQCF6,IQCG,IQGAP3,IRAG2,IRAK1,IRAK3,IRF2BP2,IRF7,IRF8,IRGC,IRGM,IRX2,ISG20,ISLR,ISX,ITGA10,ITGA4,ITGAD,ITGAL,ITGAX,ITIH1,ITLN1,ITLN2,ITM2A,ITPR1,ITPRID1,ITPRIPL1,ITPRIPL2,IVD,IZUMO3,IZUMO4,JAK3,JAKMIP1,JAM2,JCHAIN,JMY,JPH3,JPX,JSRP1,JUND,KANK3,KANSL1,KANTR,KASH5,KATNA1,KATNBL1,KBTBD12,KBTBD4,KBTBD6,KCNA10,KCNA3,KCNA7,KCNAB3,KCNC2,KCNC4,KCNE2,KCNG3,KCNG4,KCNH4,KCNH8,KCNJ1,KCNJ4,KCNJ9,KCNK16,KCNK18,KCNK4,KCNK6,KCNN3,KCNQ3,KCNRG,KCNV2,KCTD19,KCTD6,KCTD7,KCTD8,KDM2B,KDM5C,KDM5D,KDM6B,KDM8,KDR,KEL,KERA,KF459542.1,KIAA0319,KIAA0825,KIAA0895,KIAA1191,KIAA2012,KIAA2013,KIF25,KIF3A,KIF5C,KIF9,KIFBP,KIT,KITLG,KLF1,KLF12,KLF18,KLF2,KLHDC1,KLHDC4,KLHL10,KLHL21,KLHL28,KLHL35,KLHL6,KLHL9,KLK13,KLK2,KLK3,KLLN,KLRB1,KLRF1,KLRG1,KMT5A,KNCN,KNOP1,KNSTRN,KPTN,KRBOX5,KRT1,KRT13,KRT14,KRT16,KRT19,KRT24,KRT25,KRT27,KRT28,KRT34,KRT35,KRT36,KRT37,KRT40,KRT5,KRT6B,KRT71,KRT72,KRT75,KRT79,KRT82,KRT85,KRTAP1-1,KRTAP10-11,KRTAP10-3,KRTAP10-6,KRTAP10-7,KRTAP12-4,KRTAP13-2,KRTAP15-1,KRTAP16-1,KRTAP19-1,KRTAP19-2,KRTAP19-3,KRTAP19-4,KRTAP19-5,KRTAP19-6,KRTAP19-8,KRTAP2-1,KRTAP2-2,KRTAP20-1,KRTAP20-3,KRTAP21-2,KRTAP21-3,KRTAP22-1,KRTAP23-1,KRTAP24-1,KRTAP25-1,KRTAP26-1,KRTAP3-3,KRTAP4-11,KRTAP4-2,KRTAP4-3,KRTAP4-6,KRTAP4-7,KRTAP5-1,KRTAP5-5,KRTAP5-6,KRTAP5-8,KRTAP6-1,KRTAP6-2,KRTAP6-3,KRTAP8-1,KRTAP9-3,KRTAP9-4,KRTAP9-6,KRTAP9-7,KRTAP9-9,KRTCAP2,KSR1,KYAT3,L3MBTL3,LACRT,LACTB,LAG3,LAIR2,LALBA,LAMA2,LAMC2,LAMTOR5,LAPTM4A,LARP6,LAS1L,LBP,LCE1A,LCE1B,LCE2B,LCE3E,LCE6A,LCN1,LCN15,LCN9,LCP1,LCT,LDHA,LDHB,LDHC,LDLRAD1,LEKR1,LEMD1,LEMD3,LENEP,LENG1,LEP,LERFS,LETM2,LFNG,LGALS12,LGALS14,LGALS4,LGALS7,LGALS9,LGALSL-DT,LGI1,LHX5,LHX9,LILRA4,LILRA6,LILRB2,LILRB3,LILRB4,LIM2,LIMD1,LIMD1-AS1,LIME1,LIMS2,LIN28B,LIN7B,LINC-PINT,LINC00266-1,LINC00311,LINC00390,LINC00470,LINC00524,LINC00534,LINC00578,LINC00654,LINC00667,LINC00672,LINC00824,LINC00839,LINC00852,LINC00877,LINC00887,LINC00942,LINC00963,LINC00968,LINC01010,LINC01018,LINC01055,LINC01116,LINC01127,LINC01132,LINC01133,LINC01146,LINC01170,LINC01191,LINC01203,LINC01206,LINC01220,LINC01229,LINC01320,LINC01424,LINC01460,LINC01470,LINC01473,LINC01500,LINC01521,LINC01551,LINC01578,LINC01641,LINC01694,LINC01754,LINC01762,LINC01783,LINC01844,LINC01929,LINC01934,LINC01962,LINC01979,LINC01993,LINC02009,LINC02078,LINC02133,LINC02154,LINC02218,LINC02288,LINC02325,LINC02345,LINC02367,LINC02384,LINC02397,LINC02532,LINC02544,LINC02606,LINC02611,LINC02664,LINC02678,LINC02680,LINC02709,LINC02712,LINC02733,LINC02739,LINC02785,LINC02802,LINC02803,LINC02805,LINC02809,LINGO3,LINGO4,LIPF,LIPJ,LIPM,LIPN,LIPT2,LIX1-AS1,LLGL1,LLPH,LMOD3,LMTK3,LMX1A,LNCOG,LNP1,LORICRIN,LOXL1,LOXL3,LPA,LPAR6,LPCAT1,LPCAT3,LPIN2,LPO,LRATD1,LRIG2,LRMDA,LRP1B,LRP2,LRPAP1,LRRC14B,LRRC15,LRRC2,LRRC23,LRRC25,LRRC27,LRRC30,LRRC34,LRRC37A2,LRRC3C,LRRC40,LRRC46,LRRC53,LRRC63,LRRC70,LRRC72,LRRC74A,LRRC74B,LRRCC1,LRRD1,LRRIQ4,LRRK2,LRRN3,LRRN4,LRRTM1,LRRTM3,LRRTM4,LRTM2,LRTOMT,LRWD1,LSM8,LSP1,LTA,LTB,LTB4R2,LTC4S,LTF,LUC7L3,LUCAT1,LUM,LY6G5B,LY6G5C,LY6G6D,LY6H,LY86,LY96,LYL1,LYPD6B,LYPLA1,LYPLA2,LYRM7,LYSMD1,LYSMD4,LYVE1,LYZ,LZTS1,MACIR,MAFA-AS1,MAGEA1,MAGEA8,MAGEA9B,MAGEB1,MAGEB18,MAGEB3,MAGEB6B,MAGEC2,MAGEE2,MAGEL2,MAGIX,MAGOHB,MALAT1,MAMDC4,MAN1C1,MANEAL,MANSC4,MAP1LC3A,MAP1LC3B,MAP1LC3B2,MAP2K2,MAP2K3,MAP2K5,MAP3K10,MAP3K12,MAP3K13,MAP3K19,MAP3K3,MAP4K3,MAP7D2,MAPK11,MAPK6,MAPK7,MAPT,MARCHF9,MARCO,MARS1,MAS1L,MASP1,MASP2,MAST4,MATN1,MAVS,MAX,MBD3L1,MBD3L2B,MBD4,MBP,MC3R,MC4R,MC5R,MCAT,MCCD1,MCEMP1,MCF2L,MCM3AP,MCRIP2,MCTS1,MDFI,MDGA2,MDM1,MDP1,ME3,MED1,MED11,MED13L,MED16,MED17,MED22,MED23,MED9,MEF2B,MEF2C,MEG8,MEGF11,MEI1,MEIG1,MEP1A,MESP1,MESP2,METAP2,METTL14,METTL17,METTL18,METTL21A,METTL21C,METTL24,METTL25B,METTL26,METTL4,METTL7A,MFHAS1,MFN1,MFNG,MFRP,MFSD11,MFSD13A,MFSD14C,MGA,MGAT4A,MGAT4C,MGAT4D,MIA2,MIATNB,MIB2,MICB,MIGA2,MINDY1,MINDY2,MINDY4B,MIOX,MIP,MIR210HG,MIR4435-2HG,MIR4500HG,MIR663AHG,MKRN2,MLH1,MLKL,MLLT1,MLLT3,MLN,MLNR,MMD,MMD2,MMEL1,MMP14,MMP19,MMP20,MMP23B,MMP26,MMP7,MMP8,MMP9,MND1,MNDA,MNS1,MNT,MOB3B,MOBP,MOCS3,MOG,MORC2-AS1,MOS,MOV10,MPDU1,MPIG6B,MPO,MPP2,MPP4,MPV17,MPV17L,MPZ,MPZL1,MPZL3,MR1,MRFAP1,MRFAP1L1,MRGPRG,MRGPRX3,MRGPRX4,MRM1,MROH2B,MROH6,MROH7,MROH8,MRPL12,MRPL15,MRPL17,MRPL20,MRPL23,MRPL24,MRPL28,MRPL35,MRPL36,MRPL38,MRPL40,MRPL45,MRPL51,MRPL52,MRPL54,MRPL55,MRPL57,MRPL9,MRPS11,MRPS14,MRPS18B,MRPS21,MRPS24,MRPS26,MRPS34,MRPS35,MRPS6,MRPS7,MRVI1,MRVI1-AS1,MS4A1,MS4A10,MS4A12,MS4A13,MS4A15,MS4A18,MS4A4A,MS4A5,MS4A6E,MSC,MSGN1,MSL1,MSL3,MSLNL,MSMB,MSR1,MST1,MT-ATP6,MT-ATP8,MT-CO1,MT-CO2,MT-CO3,MT-CYB,MT-ND1,MT-ND2,MT-ND3,MT-ND4,MT-ND4L,MT-ND5,MT4,MTA3,MTBP,MTERF2,MTERF4,MTF1,MTHFD2,MTHFD2L,MTLN,MTMR11,MTMR14,MTNR1B,MTRF1,MTRFR,MTRNR2L1,MTRNR2L10,MTRNR2L11,MTRNR2L12,MTRNR2L3,MTRNR2L4,MTRNR2L7,MTRNR2L8,MTSS1,MTUS2,MTX1,MUC12,MUC15,MUC17,MUC2,MUC22,MUC5AC,MUC5B,MUC7,MUSK,MVD,MXD1,MXRA5,MYADML2,MYBL1,MYCBP,MYCBP2,MYCBPAP,MYD88,MYH13,MYH15,MYH2,MYH3,MYH4,MYH7,MYL1,MYL12B,MYL2,MYL6,MYL7,MYLPF,MYO16,MYO1H,MYO5C,MYOCOS,MYOZ2,MYRF,MYSM1,MZB1,MZF1,MZT2A,MZT2B,NAA10,NAA11,NAA16,NAA80,NAAA,NABP1,NACA,NACAD,NAF1,NAIP,NANOGNB,NANOS3,NANS,NAP1L1,NAPB,NAPEPLD,NAPSA,NARF,NASP,NAT10,NAXD,NBEAL1,NBL1,NBPF10,NBPF14,NBPF20,NCAM1-AS1,NCAN,NCAPD3,NCBP3,NCF1,NCK1-DT,NCKAP1L,NCOR1,NCR2,NCR3LG1,NDRG2,NDST4,NDUFA4,NDUFA4L2,NDUFA5,NDUFAF2,NDUFAF4,NDUFAF5,NDUFAF6,NDUFB1,NDUFB4,NDUFB8,NDUFS3,NDUFS8,NDUFV1,NEAT1,NEB,NECTIN1,NEK2,NEK8,NELL2,NES,NETO1,NEU3,NEU4,NEUROD1,NEUROD2,NEUROD6,NEUROG3,NFATC1,NFATC2IP,NFE2L3,NFKBIB,NFKBIE,NFX1,NGB,NHLH2,NIBAN3,NIPSNAP3B,NIT1,NKAIN3,NKAIN4,NKG7,NKX2-4,NLGN4Y,NLRC5,NLRP12,NLRP13,NLRP9,NMB,NMBR,NME3,NMI,NMU,NMUR2,NOC4L,NODAL,NOL3,NOL4,NOM1,NOP9,NORAD,NOSTRIN,NOTUM,NOX4,NOXO1,NPAS4,NPBWR2,NPC1,NPDC1,NPFF,NPHS1,NPIPB11,NPIPB8,NPM1,NPR1,NPRL2,NPS,NPTX2,NPVF,NPY,NPY2R,NR0B1,NR1H3,NR1I3,NR2F6,NR3C2,NR4A2,NR4A3,NRBF2,NRBP1,NRL,NRSN1,NRXN1,NSMCE2,NSRP1,NSUN6,NT5C,NTHL1,NTMT2,NTSR1,NTSR2,NUBP2,NUDC,NUDT15,NUDT16,NUDT18,NUDT21,NUDT4,NUDT7,NUP160,NUP210L,NUP42,NUP50,NUTM1,NUTM2D,NUTM2F,NWD2,NXNL1,NXPE1,NXPE4,NXPH1,OAS3,OASL,OAZ3,OBSCN,OCEL1,OCM,ODAD3,ODF1,ODF2L,ODF3,ODF4,ODR4,OGFRP1,OGG1,OGN,OIP5,OIP5-AS1,OLFM1,OLFM4,OLIG2,OLIG3,OLR1,OMD,OMG,OOSP1,OPLAH,OPN1LW,OPN1SW,OPRD1,OPRK1,OPRL1,OR10A2,OR10A3,OR10A5,OR10A7,OR10AD1,OR10AG1,OR10D3,OR10G3,OR10G4,OR10G6,OR10G8,OR10H2,OR10H3,OR10H4,OR10H5,OR10J1,OR10J5,OR10K2,OR10P1,OR10S1,OR10T2,OR10V1,OR11G2,OR11H1,OR11L1,OR12D2,OR13C3,OR13C4,OR13C9,OR13H1,OR13J1,OR14K1,OR1A2,OR1B1,OR1E1,OR1F1,OR1G1,OR1I1,OR1K1,OR1L1,OR1L3,OR1L8,OR1M1,OR1Q1,OR1S2,OR2A12,OR2A25,OR2AK2,OR2AT4,OR2B11,OR2D3,OR2F2,OR2G2,OR2H1,OR2H2,OR2J2,OR2J3,OR2L2,OR2L3,OR2L5,OR2M2,OR2M4,OR2M5,OR2M7,OR2T12,OR2T35,OR2T4,OR2T5,OR2T6,OR2V2,OR2W1,OR2Z1,OR3A1,OR3A3,OR4C12,OR4C13,OR4C3,OR4D11,OR4D6,OR4E2,OR4F21,OR4F4,OR4K1,OR4K13,OR4K15,OR4M1,OR4N2,OR4N5,OR4Q3,OR4S1,OR4S2,OR4X1,OR51A2,OR51A4,OR51A7,OR51D1,OR51F1,OR51F2,OR51M1,OR51Q1,OR51T1,OR51V1,OR52A1,OR52B2,OR52B6,OR52E6,OR52E8,OR52I1,OR52K1,OR52K2,OR52L1,OR56A4,OR56A5,OR56B4,OR5A2,OR5AC2,OR5AN1,OR5AS1,OR5AU1,OR5B12,OR5B17,OR5B3,OR5D14,OR5D18,OR5H2,OR5I1,OR5K2,OR5K3,OR5K4,OR5L1,OR5L2,OR5M8,OR5V1,OR5W2,OR6B2,OR6B3,OR6C1,OR6C3,OR6C65,OR6C70,OR6C74,OR6C75,OR6F1,OR6J1,OR6K2,OR6K3,OR6K6,OR6M1,OR6N1,OR6N2,OR6P1,OR6T1,OR6V1,OR6X1,OR6Y1,OR7A17,OR7C2,OR7D2,OR7D4,OR7G2,OR7G3,OR8B12,OR8B3,OR8B4,OR8B8,OR8D1,OR8D4,OR8G5,OR8H3,OR8J1,OR9G1,OR9G4,OR9I1,ORC2,ORC5,ORM2,ORMDL2,OSM,OSTC,OSTM1,OSTN,OTC,OTOL1,OTOP2,OTOR,OTUB2,OTUD6A,OTX2,OVOL2,OXGR1,OXR1,OXSM,P2RX1,PABPC1L2A,PABPC1L2B,PABPN1,PABPN1L,PAFAH2,PAGE1,PAGE3,PAGE4,PAH,PAIP1,PAIP2,PAIP2B,PALD1,PALM2AKAP2,PANK4,PANX3,PAOX,PAPLN,PAPOLB,PAQR6,PAQR8,PAQR9,PAQR9-AS1,PARP1,PARP10,PARP15,PARPBP,PART1,PARVG,PATE3,PATE4,PATL2,PAX3,PAXBP1,PAXX,PBRM1,PCARE,PCBP1,PCCA,PCDH15,PCDHA2,PCDHA3,PCDHB7,PCDHB8,PCED1A,PCGF1,PCGF3,PCID2,PCNP,PCNT,PCOLCE,PCOLCE-AS1,PCP2,PCSK7,PCYT1A,PDAP1,PDC,PDCD2L,PDCL3,PDE11A,PDE1C,PDE2A,PDE4C,PDE6A,PDE6H,PDF,PDGFD,PDGFRB,PDHA2,PDIA3,PDIK1L,PDK4,PDLIM1,PDLIM2,PDLIM3,PDSS2,PDXDC1,PDZK1IP1,PEAR1,PER2,PEX1,PEX11G,PEX12,PEX26,PFAS,PFDN4,PFKFB4,PGAM2,PGAP2,PGBD4,PGD,PGF,PGGHG,PGLYRP2,PGR,PHACTR1,PHF12,PHF13,PHF20L1,PHF23,PHGDH,PHIP,PHKG1,PHOSPHO2,PHTF1,PHTF2,PI4K2A,PIAS4,PIGBOS1,PIGC,PIGH,PIGL,PIGO,PIH1D2,PIK3C2B,PIK3C3,PIK3IP1,PIK3R4,PIM1,PIM2,PIP4P2,PISD,PITX3,PIWIL1,PIWIL2,PJVK,PKD1L1,PKIB,PKM,PKN1,PKP4-AS1,PLA1A,PLA2G10,PLA2G2A,PLA2G2D,PLA2G2E,PLA2G5,PLCB2,PLCG2,PLCL2,PLD2,PLEK,PLEKHG4,PLEKHG5,PLEKHH3,PLGLB2,PLIN1,PLIN4,PLIN5,PLK3,PLK4,PLN,PLPP5,PLPP6,PLXDC1,PMCH,PMIS2,PMP22,PMPCA,PMS1,PNLIPRP3,PNMA1,PNMA8C,POC5,POGLUT1,POGLUT2,POLD4,POLE2,POLG2,POLN,POLR2D,POLR2J,POLR2J3,POLR3A,POLR3D,POLR3K,POLRMT,POM121L2,POMT1,POU1F1,POU2AF1,POU4F2,POU4F3,POU5F1,POU5F1B,PP2D1,PPA1,PPARGC1A,PPCS,PPEF2,PPFIA2,PPIA,PPIAL4G,PPIH,PPIL6,PPIP5K1,PPIP5K2,PPM1J,PPM1K,PPM1M,PPOX,PPP1R14A,PPP1R14B,PPP1R16B,PPP1R18,PPP1R1A,PPP1R2,PPP1R27,PPP1R2C,PPP1R3A,PPP1R3E,PPP1R3F,PPP2CA,PPP2R1A,PPP2R3C,PPP2R5C,PPP3CC,PPP3R1,PPP4R3A,PPY,PRAC1,PRAC2,PRAMEF12,PRAMEF19,PRAMEF33,PRAMEF4,PRB3,PRB4,PRDM16,PRDM8,PRDM9,PRDX1,PRDX2,PRELID1,PRG2,PRG3,PRG4,PRICKLE4,PRIM2,PRKAR1A,PRKCB,PRKCD,PRKCZ-AS1,PRKRA,PRL,PRLH,PRLHR,PRM2,PRMT1,PRMT8,PRND,PROCA1,PRODH,PROKR2,PROP1,PROZ,PRPF38A,PRPF38B,PRPSAP1,PRR14,PRR18,PRR27,PRR29-AS1,PRR32,PRR33,PRR4,PRR5,PRRC2C,PRRT1,PRRT1B,PRRX1,PRSS12,PRSS33,PRSS37,PRSS38,PRSS48,PRSS54,PRSS55,PRSS56,PRSS58,PRXL2C,PSAPL1,PSAT1,PSD2,PSG11,PSG7,PSG9,PSIP1,PSMA3-AS1,PSMA6,PSMB11,PSMB5,PSMB6,PSMB8-AS1,PSMC1,PSMC2,PSMC3,PSMC3IP,PSMC6,PSMD12,PSORS1C2,PSORS1C3,PSPN,PTBP1,PTCRA,PTCSC2,PTGDR,PTGDS,PTGER4,PTGES2,PTGFR,PTGIR,PTGR2,PTH,PTH2,PTMA,PTN,PTP4A2,PTPMT1,PTPN11,PTPN2,PTPN22,PTPN6,PTPN7,PTPRA,PTPRC,PTPRE,PTPRH,PTPRK,PTPRM,PTRH1,PUS10,PVT1,PWWP2B,PWWP4,PXDNL,PXT1,PYCR3,PYHIN1,PYM1,PYY,PZP,QSOX2,QTRT1,RAB17,RAB19,RAB20,RAB24,RAB25,RAB27A,RAB28,RAB30,RAB37,RAB3C,RAB3IL1,RAB40B,RAB40C,RAB41,RAB44,RAB4B,RAB5IF,RAB6A,RAB8B,RABGAP1L-DT,RABL6,RAD23B,RAD9B,RADIL,RAE1,RAET1E-AS1,RAG2,RAI1,RALGAPA2,RAMACL,RAMP2-AS1,RAN,RANBP6,RANGRF,RAP1B,RAP1GDS1,RAP2B,RAPGEF3,RARG,RARRES1,RASA4B,RASAL3,RASD1,RASGEF1B,RASGRF1,RASGRP1,RASGRP2,RASSF1,RASSF10,RASSF3,RASSF7,RB1,RBAKDN,RBBP4,RBFOX3,RBIS,RBL1,RBM11,RBM39,RBM4,RBM42,RBM44,RBM48,RBM7,RBMX,RBMXL2,RBPJ,RCAN1,RCBTB2,RCL1,RCN3,REC114,RECK,REG4,RELCH,RELT,REN,RETSAT,RFC5,RFNG,RFT1,RFX1,RFX6,RGL3,RGL4,RGR,RGS13,RGS14,RGS16,RGS18,RGS2,RGS3,RGS9BP,RHBDL1,RHEB,RHEBL1,RHOC,RHOQ,RHOV,RHPN1,RILP,RIMBP2,RIPK1,RIPPLY2,RIT2,RLBP1,RLN1,RMC1,RMDN2,RNASE1,RNASE12,RNASE13,RNASE6,RNASE8,RNASE9,RNASEL,RND1,RNF113B,RNF123,RNF126,RNF144B,RNF151,RNF166,RNF17,RNF19A,RNF212,RNF213,RNF222,RNF223,RNF227,RNF26,RNF39,RNF7,RNFT1,RNLS,ROM1,ROPN1B,ROS1,RPA2,RPA3,RPAP2,RPE65,RPH3A,RPH3AL,RPL10,RPL10A,RPL11,RPL12,RPL13,RPL13A,RPL14,RPL15,RPL17,RPL18,RPL18A,RPL19,RPL21,RPL22,RPL22L1,RPL23,RPL23A,RPL24,RPL26,RPL27,RPL27A,RPL28,RPL29,RPL3,RPL30,RPL31,RPL32,RPL34,RPL35,RPL35A,RPL36,RPL36A,RPL36AL,RPL37,RPL37A,RPL38,RPL39,RPL4,RPL41,RPL5,RPL6,RPL7,RPL7A,RPL8,RPL9,RPLP0,RPLP1,RPLP2,RPP14,RPS10,RPS11,RPS12,RPS13,RPS14,RPS15,RPS15A,RPS16,RPS17,RPS18,RPS19,RPS2,RPS20,RPS21,RPS23,RPS24,RPS25,RPS26,RPS27,RPS27A,RPS27L,RPS28,RPS29,RPS3,RPS3A,RPS4X,RPS4Y1,RPS5,RPS6,RPS6KA1,RPS6KA4,RPS6KB2,RPS7,RPS8,RPS9,RPSA,RPTOR,RRAGC,RRAS2,RRBP1,RRP7A,RRP8,RRS1,RS1,RSBN1,RSL24D1,RSPH10B,RSPH9,RTCA,RTKN2,RTL3,RTL5,RTN3,RTN4IP1,RTN4R,RWDD2A,RXFP2,RXFP4,RXRB,RYR3,S100A14,S100A2,S100A5,S100A6,S100A7A,S100A7L2,S100A8,S100A9,S100P,S100Z,S1PR1,S1PR2,S1PR3,S1PR4,SAA2,SAA4,SAFB,SAG,SAGE1,SALL1,SALL3,SAMD11,SAMD15,SAMD3,SAMD5,SAMD7,SAP18,SAP25,SAP30,SAPCD1,SARAF,SARDH,SARNP,SARS2,SASH3,SATB1,SATL1,SAXO2,SBDS,SBF1,SCAMP3,SCARF1,SCARNA9,SCGB1A1,SCGB1C2,SCGB1D4,SCGB2A2,SCGB3A1,SCGN,SCIMP,SCLT1,SCN1A,SCN3A,SCN4A,SCNN1A,SCRG1,SCRIB,SCRT1,SCYL2,SDCBP2,SDF2L1,SDHAF1,SDHC,SDHD,SDR42E2,SEBOX,SEC14L1,SEC24B,SEC24D,SEC31B,SEC61B,SECTM1,SELE,SELENBP1,SELENOO,SELENOT,SELL,SELP,SEMA3B,SEMA3E,SEMA4C,SEMA4G,SEMA6C,SEMG1,SEPTIN1,SEPTIN4,SEPTIN9-DT,SERINC4,SERPINA1,SERPINA11,SERPINA12,SERPINA3,SERPINA9,SERPINB10,SERPINB11,SERPINB4,SERPINC1,SERPIND1,SERPINE2,SERPINF2,SERPINH1,SERTAD3,SERTM1,SESN2,SETD4,SETD9,SETDB2,SETMAR,SETX,SEZ6,SF3A2,SFMBT2,SFN,SFR1,SFRP1,SFRP2,SFRP4,SFT2D1,SFTPB,SFTPC,SFTPD-AS1,SGCE,SGCG,SGCZ,SGK2,SGO1,SGO1-AS1,SGO2,SGPP1,SGSM2,SH2B2,SH2D6,SH2D7,SH3BGRL2,SH3GL1,SH3GLB2,SH3TC1,SHE,SHH,SHISA7,SHISAL2B,SHMT1,SHOC1,SHOX2,SHPRH,SHQ1,SHROOM2,SI,SIDT2,SIGIRR,SIGLEC6,SIGLECL1,SIL1,SIPA1L2,SIRPA,SIRPB1,SIRT6,SIRT7,SIT1,SKIV2L,SKP1,SLAMF1,SLAMF6,SLAMF7,SLC10A1,SLC10A7,SLC11A1,SLC13A5,SLC15A5,SLC16A12,SLC16A3,SLC16A4,SLC16A8,SLC17A3,SLC17A9,SLC18A1,SLC18B1,SLC19A3,SLC1A2,SLC20A1,SLC22A10,SLC22A18,SLC22A23,SLC23A2,SLC24A4,SLC25A10,SLC25A15,SLC25A24,SLC25A25,SLC25A32,SLC25A33,SLC25A35,SLC25A5,SLC25A6,SLC26A3,SLC26A4,SLC26A7,SLC26A8,SLC27A5,SLC27A6,SLC28A3,SLC2A2,SLC2A3,SLC2A4,SLC30A5,SLC34A1,SLC34A2,SLC34A3,SLC35A1,SLC35A5,SLC35D1,SLC35D2,SLC35E4,SLC35F4,SLC35G3,SLC35G6,SLC36A2,SLC36A3,SLC37A1,SLC38A6,SLC39A11,SLC39A4,SLC3A1,SLC49A4,SLC4A1,SLC4A5,SLC52A2,SLC5A11,SLC5A12,SLC5A4,SLC5A4-AS1,SLC5A6,SLC6A12,SLC6A14,SLC6A15,SLC6A3,SLC6A6,SLC6A8,SLC7A13,SLC7A14,SLC7A3,SLC7A4,SLC7A7,SLC9A3,SLC9B1,SLCO1B1,SLCO2B1,SLCO5A1,SLCO6A1,SLFN12,SLFN14,SLITRK6,SLN,SLPI,SLURP1,SMAD3,SMC5,SMCHD1,SMCO1,SMCO3,SMCP,SMG1,SMG6,SMIM18,SMIM2,SMIM21,SMIM22,SMIM23,SMIM28,SMIM36,SMIM4,SMIM41,SMIM8,SMIM9,SMPD3,SMPD4,SMR3B,SMTN,SMTNL1,SMUG1,SMYD5,SNAI1,SNAP91,SNAPC2,SNAPC3,SNAPIN,SNCA,SNCAIP,SND1-IT1,SNHG1,SNHG12,SNHG14,SNHG15,SNHG16,SNHG19,SNHG25,SNHG29,SNHG3,SNHG5,SNHG6,SNHG8,SNHG9,SNRNP27,SNRPA,SNRPA1,SNRPB2,SNRPD2,SNRPD3,SNRPE,SNRPG,SNRPN,SNTG1,SNTN,SNX13,SNX33,SNX4,SNX5,SOAT2,SOGA1,SOHLH1,SOHLH2,SORL1,SOX12,SOX2-OT,SOX3,SOX30,SOX8,SP7,SPA17,SPACA1,SPACA3,SPACA6,SPACA9,SPAG6,SPART-AS1,SPATA1,SPATA16,SPATA17,SPATA21,SPATA3,SPATA31A6,SPATA31D1,SPATA31D3,SPATA32,SPATA33,SPATA46,SPATA6L,SPDYC,SPDYE4,SPDYE5,SPDYE6,SPEM1,SPEM2,SPEM3,SPG7,SPHK2,SPINK14,SPINK4,SPINK8,SPIRE2,SPO11,SPOCK3,SPP1,SPP2,SPPL2C,SPRN,SPRR1B,SPTA1,SPTB,SPTSSB,SPTY2D1OS,SPZ1,SRARP,SREBF1,SRGAP2,SRGN,SRP14,SRP19,SRPK1,SRPX,SRR,SRRT,SRSF2,SRSF6,SSB,SSBP2,SSSCA1-AS1,SST,SSTR2,SSTR3,SSTR4,SSTR5-AS1,SSU72P2,SSU72P3,ST8SIA1,ST8SIA2,ST8SIA3,ST8SIA4,STAC3,STAP1,STARD13-AS,STARD5,STARD6,STARD9,STAT1,STAT4,STAT5A,STK16,STK19,STK24,STK35,STMN3,STMP1,STOML3,STPG2,STPG3,STRA6,STRIP1,STXBP1,STXBP5-AS1,STYXL1,SUB1,SUCLA2,SUCLG2-AS1,SUFU,SUGCT,SULT1A1,SULT1A4,SULT1C3,SULT1E1,SULT2A1,SULT6B1,SUMO2,SUN3,SUN5,SUPT3H,SURF6,SUV39H1,SVOP,SYCP1,SYCP2,SYCP2L,SYDE2,SYN1,SYN3,SYNCRIP,SYNE1,SYNE3,SYNGR3,SYNGR4,SYNPO2,SYNPO2L,SYNPR,SYP,SYS1,SYT10,SYT3,SYT6,SYTL1,SYTL3,TAAR1,TAAR2,TAAR5,TAAR8,TAC3,TAC4,TACC3,TAF11L13,TAF11L14,TAF11L2,TAF11L4,TAF13,TAF1B,TAF1D,TAF8,TAF9,TAFA2,TANK,TARDBP,TARM1,TARS1,TARS3,TAS1R1,TAS2R16,TAS2R31,TAS2R38,TAS2R39,TAS2R40,TAS2R42,TAS2R46,TASL,TAT,TATDN3,TBATA,TBC1D1,TBC1D20,TBC1D32,TBC1D4,TBCA,TBCC,TBCK,TBRG4,TBX6,TBXT,TC2N,TCAF2,TCAP,TCEA1,TCEAL3,TCEAL5,TCF21,TCF3,TCF4,TCF7L2,TCFL5,TCHHL1,TCP11,TCTA,TCTE1,TDG,TDRD1,TEC,TECR,TELO2,TENT5C,TERB2,TERF1,TESPA1,TEX13D,TEX2,TEX22,TEX26,TEX264,TEX37,TEX45,TEX46,TEX47,TEX48,TEX50,TEX51,TEX52,TEX54,TEX55,TEX9,TFAM,TFPT,TFR2,TGM7,THADA,THAP2,THAP6,THAP9-AS1,THBD,THBS3,THBS4,THEGL,THEM4,THEM5,THG1L,THNSL1,THOC1,TIAL1,TICRR,TIGD5,TIMD4,TIMM22,TIMM23,TIMM8B,TIPARP,TK2,TKTL2,TLCD1,TLCD4,TLE6,TLR10,TLR4,TLR9,TLX1,TLX2,TM2D1,TM2D2,TM9SF1,TM9SF4,TMA7,TMBIM4,TMC6,TMCO3,TMCO4,TMCO6,TMEFF2,TMEM101,TMEM102,TMEM106C,TMEM107,TMEM108,TMEM114,TMEM117,TMEM119,TMEM131L,TMEM140,TMEM151B,TMEM17,TMEM190,TMEM196,TMEM198,TMEM200B,TMEM202,TMEM203,TMEM207,TMEM211,TMEM212,TMEM217,TMEM225,TMEM229A,TMEM230,TMEM236,TMEM239,TMEM241,TMEM242,TMEM244,TMEM245,TMEM247,TMEM253,TMEM262,TMEM266,TMEM271,TMEM275,TMEM41A,TMEM41B,TMEM50B,TMEM60,TMEM67,TMEM70,TMEM71,TMEM74B,TMEM86A,TMEM88,TMEM89,TMEM8B,TMIE,TMIGD1,TMIGD3,TMPO-AS1,TMPRSS11A,TMPRSS11B,TMPRSS11D,TMPRSS11F,TMSB10,TMTC1,TNF,TNFAIP2,TNFAIP3,TNFAIP8L2,TNFRSF13C,TNFRSF14,TNFRSF8,TNFRSF9,TNFSF14,TNFSF18,TNFSF8,TNIK,TNIP2,TNIP3,TNK1,TNK2,TNKS2,TNNC1,TNNT3,TNP1,TNXB,TOB1,TOGARAM1,TOGARAM2,TOM1,TOMM40,TOMM40L,TOMM5,TOP3B,TOR1AIP2,TOR1B,TP53I11,TP53I13,TP53INP1,TP53TG5,TPD52L3,TPGS1,TPH2,TPI1,TPM2,TPM3,TPM4,TPPP2,TPSB2,TPT1,TPT1-AS1,TRABD2A,TRADD,TRAF1,TRAF3IP3,TRAJ10,TRAJ12,TRAJ13,TRAJ18,TRAJ22,TRAJ29,TRAJ31,TRAJ32,TRAJ34,TRAJ35,TRAJ38,TRAJ39,TRAJ4,TRAJ45,TRAJ46,TRAJ59,TRAJ7,TRAJ9,TRAPPC2L,TRAPPC9,TRAV21,TRAV22,TRAV38-2DV8,TRAV40,TRAV5,TRAV7,TRAV8-6,TRAV8-7,TRAV9-1,TRBC1,TRBC2,TRBJ2-2,TRBV10-2,TRBV12-5,TRBV15,TRBV16,TRBV17,TRBV27,TRBV4-2,TRBV6-4,TRDC,TRDJ3,TRDV3,TRGJP2,TRGV1,TRGV10,TRGV8,TRHDE,TRHR,TRIM15,TRIM29,TRIM31,TRIM31-AS1,TRIM40,TRIM45,TRIM51,TRIM51GP,TRIM6,TRIM62,TRIM64B,TRIM65,TRIM69,TRIM72,TRIM75,TRIP4,TRMT1,TRMT12,TRMT2A,TRMT5,TRMT6,TRMT61B,TROAP,TRPC5,TRPC7,TRPM1,TRPM2-AS,TRPM4,TRPM5,TRPT1,TRPV1,TRPV6,TRUB1,TSACC,TSBP1,TSC22D2,TSEN2,TSGA10IP,TSGA13,TSHR,TSN,TSPAN16,TSPAN31,TSPAN32,TSPAN8,TSPEAR-AS1,TSPYL4,TSPYL6,TSSC4,TSSK1B,TSSK2,TSSK4,TTBK1,TTC13,TTC17,TTC26,TTC27,TTC32,TTC37,TTC39A,TTC9B,TTC9C,TTI1,TTI2,TTK,TTLL10,TTLL12,TTLL2,TTN,TTR,TTTY10,TTYH2,TUBA1A,TUBA1C,TUBB,TUBB1,TUBB2B,TUBB3,TUBB4B,TUBB8,TUBD1,TUBG1,TUBGCP5,TUG1,TULP1,TULP2,TUNAR,TUSC2,TUT7,TVP23C,TXLNB,TXNDC11,TXNDC12,TXNDC17,TXNDC8,TXNDC9,TYK2,TYMP,TYR,TYROBP,TYSND1,TYW1B,U2AF1L4,U47924.2,UAP1,UAP1L1,UBA3,UBD,UBE2D1,UBE2D3,UBE2F,UBE2L5,UBE2M,UBE2N,UBE2Q1,UBE2Q2L,UBE2S,UBE3D,UBL4A,UBXN1,UCHL1,UCP1,UGP2,UGT2A2,UGT2B10,UGT2B7,ULK2,ULK3,UMAD1,UMODL1,UNC13B,UNC13C,UNC50,UPB1,UPF3A,UPF3B,UPK3A,UPK3BL1,UPRT,UQCC2,UQCC3,UQCR10,UQCRFS1,UQCRH,USF1,USH2A,USP12,USP17L10,USP30,USP36,USP40,USP44,USP48,USP51,USP8,UTP11,UTP15,UTP18,UTP3,UTS2B,UVRAG-DT,VAMP1,VAPA,VCPKMT,VGLL2,VHLL,VILL,VIPR1,VIPR2,VIRMA,VN1R4,VNN1,VPREB1,VPS33A,VPS33B-DT,VPS37A,VPS45,VPS51,VPS9D1,VRTN,VSIG10L,VSIG10L2,VSIR,VSTM2A,VSTM2B,VSX1,VSX2,VTCN1,VWA5B1,VWA5B2,VWF,WASHC1,WASHC3,WBP1,WDFY1,WDFY4,WDR12,WDR17,WDR20,WDR25,WDR31,WDR36,WDR38,WDR5B,WDR64,WDR66,WDR77,WDR87,WDR88,WDR97,WEE2,WFDC5,WFS1,WHRN,WIF1,WNT11,WNT5B,WNT8B,WSB1,WTAP,XAGE5,XBP1,XCL1,XCR1,XIST,XKR6,XKR7,XPC,XPR1,XYLB,YAE1,YAF2,YARS2,YBX1,YBX3,YEATS4,YIF1B,YJU2,YJU2B,YRDC,YTHDF1,YWHAE,YWHAZ,Z93241.1,Z99572.1,ZACN,ZAN,ZAP70,ZBTB14,ZBTB18,ZBTB24,ZBTB37,ZBTB39,ZBTB43,ZBTB47,ZBTB6,ZBTB8A,ZBTB8B,ZBTB8OS,ZBTB9,ZC3H11B,ZC3H12D,ZCCHC13,ZCCHC2,ZCCHC4,ZCWPW1,ZDHHC1,ZDHHC14,ZDHHC21,ZDHHC22,ZDHHC24,ZFAND4,ZFAS1,ZFAT,ZFC3H1,ZFHX4,ZFP36,ZFR2,ZFTRAF1,ZFX,ZFYVE19,ZFYVE28,ZG16,ZIC3,ZKSCAN4,ZKSCAN5,ZMYND10,ZNF101,ZNF114,ZNF124,ZNF134,ZNF136,ZNF138,ZNF140,ZNF141,ZNF157,ZNF16,ZNF160,ZNF174,ZNF184,ZNF205,ZNF230,ZNF25,ZNF264,ZNF276,ZNF280A,ZNF281,ZNF292,ZNF300,ZNF302,ZNF304,ZNF317,ZNF324,ZNF331,ZNF343,ZNF346,ZNF365,ZNF366,ZNF37A,ZNF383,ZNF385D,ZNF391,ZNF394,ZNF395,ZNF420,ZNF429,ZNF436,ZNF446,ZNF449,ZNF469,ZNF493,ZNF500,ZNF511,ZNF513,ZNF517,ZNF530,ZNF534,ZNF547,ZNF548,ZNF549,ZNF551,ZNF556,ZNF563,ZNF564,ZNF57,ZNF572,ZNF575,ZNF580,ZNF593OS,ZNF616,ZNF619,ZNF622,ZNF644,ZNF655,ZNF658,ZNF671,ZNF675,ZNF679,ZNF682,ZNF687,ZNF688,ZNF696,ZNF705A,ZNF705G,ZNF706,ZNF707,ZNF709,ZNF716,ZNF724,ZNF736,ZNF746,ZNF747,ZNF75D,ZNF771,ZNF784,ZNF799,ZNF80,ZNF814,ZNF816,ZNF83,ZNF831,ZNF837,ZNF843,ZNF90,ZNF93,ZNHIT1,ZNHIT3,ZNHIT6,ZPBP2,ZRANB3,ZSCAN10,ZSCAN18,ZSCAN2,ZSCAN22,ZSCAN29,ZSCAN30,ZSCAN32,ZSCAN4,ZSWIM3,ZSWIM6,ZSWIM7",5000,5000,100.0,0.1462724955284941,0.054710434453180856,0.13260565734033453,0.04796586411446413,0.013666838188159586,1.1030637641128946,0.28334514082341367,small,3.374133967879164e-63,1.7724971236369327e-56,True,True,0.5866145258142889,0.056695887965587055,poor,0.0,0.0,3249,83988
literature_DC_markers,"LAMP3,CCR7,FSCN1,CD83",4,4,100.0,0.22693395725999171,0.28423774503767296,0.15692579870675813,0.22350669874440895,0.07000815855323358,1.4461226842888686,0.30968771406504053,small,6.210547708329896e-40,4.2977936200260314e-67,True,True,0.5604658079442764,0.05403451592867284,poor,2.954755309325946,51.64666051092644,3249,83988
literature_Possible_components_of_TLSs,"CD4,CXCR5,IL21,IL6",4,7,57.14285714285714,0.18000747437994655,0.2231129290055644,0.13336506373426757,0.19495169571953563,0.04664241064567898,1.3497348506398563,0.23788321882432326,small,2.1434036115441007e-34,2.3934966392745536e-40,True,True,0.5551293488950986,0.04620229336206835,poor,2.585410895660203,53.58571868267159,3249,83988
literature_Most_common_TLS_content,CHST4,1,4,25.0,0.0037306499192729173,0.08423985321686178,0.004595789797473062,0.0969978536593619,-0.0008651398782001446,0.8117538189679974,-0.008960253587372773,small,0.5588798823366251,0.6162820312259045,False,False,0.49971351379353274,0.03725488612368865,poor,99.75377039088951,99.75377039088951,3249,83988
deg_consistent_down_top50,"SLC13A2,MYO1H,CROCC2,SLC5A8,FBLL1,TEX11,ZNF750,ETNPPL,CHP2,CGA,EPHA5,LHCGR,LRRC74B,ASCL5,ALPP,EVX2,RBP2,RNASE7,OCSTAMP,LGALS7,STRA8,SSU72P8,ATP4B,TECRL,FAM90A26,FAT2,NKX6-1,KBTBD13,RALYL,SLC22A12,OR4C3,OR2T12,OR10AG1,OR2AJ1,ASIC5,KRT79,HDGFL1,SP8,RESP18,TMEM275,KRTAP19-5,DCAF12L2,FAM47C,RAD51AP2,GSX2,COL2A1,ACP7,OR2F2,SPRR2D,LY6D",50,50,100.0,0.0013441406724859757,0.007594502049292106,0.006978258642155929,0.01988185327281186,-0.005634117969669954,0.1926183509974781,-0.28799607055786464,small,3.271708023121974e-73,2.7623959601900078e-58,True,True,0.44083259750733417,0.0358839334221955,poor,95.44475223145584,95.44475223145584,3249,83988
pseudobulk_down_top50,"PERP,ARHGEF16,IGSF3,INAVA,SHANK2,SLC4A4,TMEM54,GRTP1,RNF128,ERBB3,HNF4G,DSG2,GRB7,PCSK6,CAMSAP3,AP1M2,SEMA3B,BAIAP2L1,FOLR1,PTPRF,SLC16A9,FRK,MYRF,PLS1,RIPK4,CA12,FGFR4,SCNN1A,MAL2,FAM110C,SGMS2,WWC1,CDCP1,PPL,CHMP4C,TSPAN1,LRRC75B,PARD3,SPP1,TSPAN6,SULT1C2,TXNRD3,GAL3ST1,CKB,RGL3,PRRG4,UGT2B7,NQO1,SATB2,NEU1",50,50,100.0,0.18058525205118478,0.14841703328179887,0.30436256354623886,0.18564153250828394,-0.12377731149505408,0.5933228119356085,-0.6712788621125715,medium,2.4432711117653826e-306,5.113304038245761e-306,True,True,0.30693212076068904,0.024528019391082796,poor,0.3693444136657433,8.55647891658972,3249,83988
